image_path,label
images_dataset_new/data/human/rider-23.jpg,human
images_dataset_new/data/human/rider-176.jpg,human
images_dataset_new/data/human/rider-104.jpg,human
images_dataset_new/data/human/rider-140.jpg,human
images_dataset_new/data/human/rider-167.jpg,human
images_dataset_new/data/human/rider-135.jpg,human
images_dataset_new/data/human/rider-84.jpg,human
images_dataset_new/data/human/rider-194.jpg,human
images_dataset_new/data/human/rider-193.jpg,human
images_dataset_new/data/human/rider-197.jpg,human
images_dataset_new/data/human/rider-132.jpg,human
images_dataset_new/data/human/rider-36.jpg,human
images_dataset_new/data/human/rider-82.jpg,human
images_dataset_new/data/human/rider-88.jpg,human
images_dataset_new/data/human/rider-149.jpg,human
images_dataset_new/data/human/rider-75.jpg,human
images_dataset_new/data/human/rider-34.jpg,human
images_dataset_new/data/human/rider-28.jpg,human
images_dataset_new/data/human/rider-67.jpg,human
images_dataset_new/data/human/rider-158.jpg,human
images_dataset_new/data/human/rider-76.jpg,human
images_dataset_new/data/human/rider-70.jpg,human
images_dataset_new/data/human/rider-27.jpg,human
images_dataset_new/data/human/rider-186.jpg,human
images_dataset_new/data/human/rider-153.jpg,human
images_dataset_new/data/human/rider-183.jpg,human
images_dataset_new/data/human/rider-166.jpg,human
images_dataset_new/data/human/rider-74.jpg,human
images_dataset_new/data/human/rider-143.jpg,human
images_dataset_new/data/human/rider-174.jpg,human
images_dataset_new/data/human/rider-108.jpg,human
images_dataset_new/data/human/rider-93.jpg,human
images_dataset_new/data/human/rider-121.jpg,human
images_dataset_new/data/human/rider-6.jpg,human
images_dataset_new/data/human/rider-139.jpg,human
images_dataset_new/data/human/rider-19.jpg,human
images_dataset_new/data/human/rider-40.jpg,human
images_dataset_new/data/human/rider-107.jpg,human
images_dataset_new/data/human/rider-178.jpg,human
images_dataset_new/data/human/rider-103.jpg,human
images_dataset_new/data/human/rider-81.jpg,human
images_dataset_new/data/human/rider-110.jpg,human
images_dataset_new/data/human/rider-12.jpg,human
images_dataset_new/data/human/rider-111.jpg,human
images_dataset_new/data/human/rider-130.jpg,human
images_dataset_new/data/human/rider-128.jpg,human
images_dataset_new/data/human/rider-113.jpg,human
images_dataset_new/data/human/rider-11.jpg,human
images_dataset_new/data/human/rider-124.jpg,human
images_dataset_new/data/human/rider-35.jpg,human
images_dataset_new/data/human/rider-160.jpg,human
images_dataset_new/data/human/rider-83.jpg,human
images_dataset_new/data/human/rider-18.jpg,human
images_dataset_new/data/human/rider-187.jpg,human
images_dataset_new/data/human/rider-198.jpg,human
images_dataset_new/data/human/rider-92.jpg,human
images_dataset_new/data/human/rider-73.jpg,human
images_dataset_new/data/human/rider-51.jpg,human
images_dataset_new/data/human/rider-190.jpg,human
images_dataset_new/data/human/rider-191.jpg,human
images_dataset_new/data/human/rider-66.jpg,human
images_dataset_new/data/human/rider-102.jpg,human
images_dataset_new/data/human/rider-52.jpg,human
images_dataset_new/data/human/rider-89.jpg,human
images_dataset_new/data/human/rider-65.jpg,human
images_dataset_new/data/human/rider-44.jpg,human
images_dataset_new/data/human/rider-163.jpg,human
images_dataset_new/data/human/rider-144.jpg,human
images_dataset_new/data/human/rider-170.jpg,human
images_dataset_new/data/human/rider-145.jpg,human
images_dataset_new/data/human/rider-49.jpg,human
images_dataset_new/data/human/rider-136.jpg,human
images_dataset_new/data/human/rider-14.jpg,human
images_dataset_new/data/human/rider-115.jpg,human
images_dataset_new/data/human/rider-105.jpg,human
images_dataset_new/data/human/rider-123.jpg,human
images_dataset_new/data/human/rider-169.jpg,human
images_dataset_new/data/human/rider-9.jpg,human
images_dataset_new/data/human/rider-100.jpg,human
images_dataset_new/data/human/rider-120.jpg,human
images_dataset_new/data/human/rider-146.jpg,human
images_dataset_new/data/human/rider-69.jpg,human
images_dataset_new/data/human/rider-26.jpg,human
images_dataset_new/data/human/rider-133.jpg,human
images_dataset_new/data/human/rider-1.jpg,human
images_dataset_new/data/human/rider-17.jpg,human
images_dataset_new/data/human/rider-116.jpg,human
images_dataset_new/data/human/rider-39.jpg,human
images_dataset_new/data/human/rider-99.jpg,human
images_dataset_new/data/human/rider-7.jpg,human
images_dataset_new/data/human/rider-64.jpg,human
images_dataset_new/data/human/rider-5.jpg,human
images_dataset_new/data/human/rider-109.jpg,human
images_dataset_new/data/human/rider-118.jpg,human
images_dataset_new/data/human/rider-20.jpg,human
images_dataset_new/data/human/rider-148.jpg,human
images_dataset_new/data/human/rider-175.jpg,human
images_dataset_new/data/human/rider-55.jpg,human
images_dataset_new/data/human/rider-106.jpg,human
images_dataset_new/data/human/rider-62.jpg,human
images_dataset_new/data/human/rider-91.jpg,human
images_dataset_new/data/human/rider-162.jpg,human
images_dataset_new/data/human/rider-182.jpg,human
images_dataset_new/data/human/rider-129.jpg,human
images_dataset_new/data/human/rider-59.jpg,human
images_dataset_new/data/human/rider-185.jpg,human
images_dataset_new/data/human/rider-4.jpg,human
images_dataset_new/data/human/rider-97.jpg,human
images_dataset_new/data/human/rider-151.jpg,human
images_dataset_new/data/human/rider-3.jpg,human
images_dataset_new/data/human/rider-13.jpg,human
images_dataset_new/data/human/rider-112.jpg,human
images_dataset_new/data/human/rider-31.jpg,human
images_dataset_new/data/human/rider-126.jpg,human
images_dataset_new/data/human/rider-38.jpg,human
images_dataset_new/data/human/rider-53.jpg,human
images_dataset_new/data/human/rider-58.jpg,human
images_dataset_new/data/human/rider-72.jpg,human
images_dataset_new/data/human/rider-8.jpg,human
images_dataset_new/data/human/rider-179.jpg,human
images_dataset_new/data/human/rider-46.jpg,human
images_dataset_new/data/human/rider-172.jpg,human
images_dataset_new/data/human/rider-78.jpg,human
images_dataset_new/data/human/rider-98.jpg,human
images_dataset_new/data/human/rider-200.jpg,human
images_dataset_new/data/human/rider-77.jpg,human
images_dataset_new/data/human/rider-61.jpg,human
images_dataset_new/data/human/rider-161.jpg,human
images_dataset_new/data/human/rider-125.jpg,human
images_dataset_new/data/human/rider-63.jpg,human
images_dataset_new/data/human/rider-96.jpg,human
images_dataset_new/data/human/rider-95.jpg,human
images_dataset_new/data/human/rider-199.jpg,human
images_dataset_new/data/human/rider-156.jpg,human
images_dataset_new/data/human/rider-117.jpg,human
images_dataset_new/data/human/rider-22.jpg,human
images_dataset_new/data/human/rider-157.jpg,human
images_dataset_new/data/human/rider-94.jpg,human
images_dataset_new/data/human/rider-60.jpg,human
images_dataset_new/data/human/rider-196.jpg,human
images_dataset_new/data/human/rider-25.jpg,human
images_dataset_new/data/human/rider-16.jpg,human
images_dataset_new/data/human/rider-41.jpg,human
images_dataset_new/data/human/rider-154.jpg,human
images_dataset_new/data/human/rider-50.jpg,human
images_dataset_new/data/human/rider-127.jpg,human
images_dataset_new/data/human/rider-21.jpg,human
images_dataset_new/data/human/rider-15.jpg,human
images_dataset_new/data/human/rider-168.jpg,human
images_dataset_new/data/human/rider-142.jpg,human
images_dataset_new/data/human/rider-86.jpg,human
images_dataset_new/data/human/rider-202.jpg,human
images_dataset_new/data/human/rider-177.jpg,human
images_dataset_new/data/human/rider-80.jpg,human
images_dataset_new/data/human/rider-32.jpg,human
images_dataset_new/data/human/rider-30.jpg,human
images_dataset_new/data/human/rider-171.jpg,human
images_dataset_new/data/human/rider-184.jpg,human
images_dataset_new/data/human/rider-155.jpg,human
images_dataset_new/data/human/rider-29.jpg,human
images_dataset_new/data/human/rider-33.jpg,human
images_dataset_new/data/human/rider-192.jpg,human
images_dataset_new/data/human/rider-195.jpg,human
images_dataset_new/data/human/rider-134.jpg,human
images_dataset_new/data/human/rider-201.jpg,human
images_dataset_new/data/human/rider-45.jpg,human
images_dataset_new/data/human/rider-189.jpg,human
images_dataset_new/data/human/rider-42.jpg,human
images_dataset_new/data/human/rider-122.jpg,human
images_dataset_new/data/human/rider-37.jpg,human
images_dataset_new/data/human/rider-165.jpg,human
images_dataset_new/data/human/rider-2.jpg,human
images_dataset_new/data/human/rider-164.jpg,human
images_dataset_new/data/human/rider-24.jpg,human
images_dataset_new/data/human/rider-43.jpg,human
images_dataset_new/data/human/rider-101.jpg,human
images_dataset_new/data/human/rider-68.jpg,human
images_dataset_new/data/human/rider-87.jpg,human
images_dataset_new/data/human/rider-141.jpg,human
images_dataset_new/data/human/rider-48.jpg,human
images_dataset_new/data/human/rider-71.jpg,human
images_dataset_new/data/human/rider-79.jpg,human
images_dataset_new/data/human/rider-150.jpg,human
images_dataset_new/data/human/rider-114.jpg,human
images_dataset_new/data/human/rider-152.jpg,human
images_dataset_new/data/human/rider-173.jpg,human
images_dataset_new/data/human/rider-57.jpg,human
images_dataset_new/data/human/rider-180.jpg,human
images_dataset_new/data/human/rider-181.jpg,human
images_dataset_new/data/human/rider-47.jpg,human
images_dataset_new/data/human/rider-54.jpg,human
images_dataset_new/data/human/rider-138.jpg,human
images_dataset_new/data/human/rider-56.jpg,human
images_dataset_new/data/human/rider-131.jpg,human
images_dataset_new/data/human/rider-147.jpg,human
images_dataset_new/data/human/rider-10.jpg,human
images_dataset_new/data/human/rider-137.jpg,human
images_dataset_new/data/human/rider-85.jpg,human
images_dataset_new/data/human/rider-159.jpg,human
images_dataset_new/data/human/rider-119.jpg,human
images_dataset_new/data/human/rider-188.jpg,human
images_dataset_new/data/human/rider-90.jpg,human
images_dataset_new/data/data/human,data
images_dataset_new/data/data/cars,data
images_dataset_new/data/data/bike,data
images_dataset_new/data/data/flowers,data
images_dataset_new/data/data/cats,data
images_dataset_new/data/data/horses,data
images_dataset_new/data/data/dogs,data
images_dataset_new/data/cars/carsgraz_176.bmp,cars
images_dataset_new/data/cars/carsgraz_344.bmp,cars
images_dataset_new/data/cars/carsgraz_352.bmp,cars
images_dataset_new/data/cars/carsgraz_095.bmp,cars
images_dataset_new/data/cars/carsgraz_149.bmp,cars
images_dataset_new/data/cars/carsgraz_165.bmp,cars
images_dataset_new/data/cars/carsgraz_080.bmp,cars
images_dataset_new/data/cars/carsgraz_367.bmp,cars
images_dataset_new/data/cars/carsgraz_182.bmp,cars
images_dataset_new/data/cars/carsgraz_005.bmp,cars
images_dataset_new/data/cars/carsgraz_115.bmp,cars
images_dataset_new/data/cars/carsgraz_371.bmp,cars
images_dataset_new/data/cars/carsgraz_274.bmp,cars
images_dataset_new/data/cars/carsgraz_241.bmp,cars
images_dataset_new/data/cars/carsgraz_412.bmp,cars
images_dataset_new/data/cars/carsgraz_188.bmp,cars
images_dataset_new/data/cars/carsgraz_197.bmp,cars
images_dataset_new/data/cars/carsgraz_358.bmp,cars
images_dataset_new/data/cars/carsgraz_389.bmp,cars
images_dataset_new/data/cars/carsgraz_014.bmp,cars
images_dataset_new/data/cars/carsgraz_053.bmp,cars
images_dataset_new/data/cars/carsgraz_012.bmp,cars
images_dataset_new/data/cars/carsgraz_365.bmp,cars
images_dataset_new/data/cars/carsgraz_202.bmp,cars
images_dataset_new/data/cars/carsgraz_122.bmp,cars
images_dataset_new/data/cars/carsgraz_034.bmp,cars
images_dataset_new/data/cars/carsgraz_150.bmp,cars
images_dataset_new/data/cars/carsgraz_255.bmp,cars
images_dataset_new/data/cars/carsgraz_300.bmp,cars
images_dataset_new/data/cars/carsgraz_244.bmp,cars
images_dataset_new/data/cars/carsgraz_278.bmp,cars
images_dataset_new/data/cars/carsgraz_314.bmp,cars
images_dataset_new/data/cars/carsgraz_177.bmp,cars
images_dataset_new/data/cars/carsgraz_136.bmp,cars
images_dataset_new/data/cars/carsgraz_054.bmp,cars
images_dataset_new/data/cars/carsgraz_119.bmp,cars
images_dataset_new/data/cars/carsgraz_225.bmp,cars
images_dataset_new/data/cars/carsgraz_262.bmp,cars
images_dataset_new/data/cars/carsgraz_339.bmp,cars
images_dataset_new/data/cars/carsgraz_381.bmp,cars
images_dataset_new/data/cars/carsgraz_360.bmp,cars
images_dataset_new/data/cars/carsgraz_370.bmp,cars
images_dataset_new/data/cars/carsgraz_179.bmp,cars
images_dataset_new/data/cars/carsgraz_236.bmp,cars
images_dataset_new/data/cars/carsgraz_181.bmp,cars
images_dataset_new/data/cars/carsgraz_046.bmp,cars
images_dataset_new/data/cars/carsgraz_240.bmp,cars
images_dataset_new/data/cars/carsgraz_357.bmp,cars
images_dataset_new/data/cars/carsgraz_288.bmp,cars
images_dataset_new/data/cars/carsgraz_073.bmp,cars
images_dataset_new/data/cars/carsgraz_055.bmp,cars
images_dataset_new/data/cars/carsgraz_234.bmp,cars
images_dataset_new/data/cars/carsgraz_135.bmp,cars
images_dataset_new/data/cars/carsgraz_033.bmp,cars
images_dataset_new/data/cars/carsgraz_193.bmp,cars
images_dataset_new/data/cars/carsgraz_254.bmp,cars
images_dataset_new/data/cars/carsgraz_407.bmp,cars
images_dataset_new/data/cars/carsgraz_083.bmp,cars
images_dataset_new/data/cars/carsgraz_025.bmp,cars
images_dataset_new/data/cars/carsgraz_013.bmp,cars
images_dataset_new/data/cars/carsgraz_105.bmp,cars
images_dataset_new/data/cars/carsgraz_301.bmp,cars
images_dataset_new/data/cars/carsgraz_102.bmp,cars
images_dataset_new/data/cars/carsgraz_318.bmp,cars
images_dataset_new/data/cars/carsgraz_275.bmp,cars
images_dataset_new/data/cars/carsgraz_027.bmp,cars
images_dataset_new/data/cars/carsgraz_049.bmp,cars
images_dataset_new/data/cars/carsgraz_418.bmp,cars
images_dataset_new/data/cars/carsgraz_016.bmp,cars
images_dataset_new/data/cars/carsgraz_084.bmp,cars
images_dataset_new/data/cars/carsgraz_406.bmp,cars
images_dataset_new/data/cars/carsgraz_325.bmp,cars
images_dataset_new/data/cars/carsgraz_341.bmp,cars
images_dataset_new/data/cars/carsgraz_292.bmp,cars
images_dataset_new/data/cars/carsgraz_205.bmp,cars
images_dataset_new/data/cars/carsgraz_130.bmp,cars
images_dataset_new/data/cars/carsgraz_183.bmp,cars
images_dataset_new/data/cars/carsgraz_071.bmp,cars
images_dataset_new/data/cars/carsgraz_087.bmp,cars
images_dataset_new/data/cars/carsgraz_001.bmp,cars
images_dataset_new/data/cars/carsgraz_413.bmp,cars
images_dataset_new/data/cars/carsgraz_015.bmp,cars
images_dataset_new/data/cars/carsgraz_189.bmp,cars
images_dataset_new/data/cars/carsgraz_170.bmp,cars
images_dataset_new/data/cars/carsgraz_131.bmp,cars
images_dataset_new/data/cars/carsgraz_272.bmp,cars
images_dataset_new/data/cars/carsgraz_235.bmp,cars
images_dataset_new/data/cars/carsgraz_028.bmp,cars
images_dataset_new/data/cars/carsgraz_320.bmp,cars
images_dataset_new/data/cars/carsgraz_196.bmp,cars
images_dataset_new/data/cars/carsgraz_141.bmp,cars
images_dataset_new/data/cars/carsgraz_212.bmp,cars
images_dataset_new/data/cars/carsgraz_397.bmp,cars
images_dataset_new/data/cars/carsgraz_257.bmp,cars
images_dataset_new/data/cars/carsgraz_369.bmp,cars
images_dataset_new/data/cars/carsgraz_221.bmp,cars
images_dataset_new/data/cars/carsgraz_327.bmp,cars
images_dataset_new/data/cars/carsgraz_074.bmp,cars
images_dataset_new/data/cars/carsgraz_082.bmp,cars
images_dataset_new/data/cars/carsgraz_125.bmp,cars
images_dataset_new/data/cars/carsgraz_164.bmp,cars
images_dataset_new/data/cars/carsgraz_299.bmp,cars
images_dataset_new/data/cars/carsgraz_098.bmp,cars
images_dataset_new/data/cars/carsgraz_144.bmp,cars
images_dataset_new/data/cars/carsgraz_401.bmp,cars
images_dataset_new/data/cars/carsgraz_142.bmp,cars
images_dataset_new/data/cars/carsgraz_332.bmp,cars
images_dataset_new/data/cars/carsgraz_192.bmp,cars
images_dataset_new/data/cars/carsgraz_233.bmp,cars
images_dataset_new/data/cars/carsgraz_215.bmp,cars
images_dataset_new/data/cars/carsgraz_050.bmp,cars
images_dataset_new/data/cars/carsgraz_298.bmp,cars
images_dataset_new/data/cars/carsgraz_101.bmp,cars
images_dataset_new/data/cars/carsgraz_312.bmp,cars
images_dataset_new/data/cars/carsgraz_060.bmp,cars
images_dataset_new/data/cars/carsgraz_029.bmp,cars
images_dataset_new/data/cars/carsgraz_168.bmp,cars
images_dataset_new/data/cars/carsgraz_147.bmp,cars
images_dataset_new/data/cars/carsgraz_048.bmp,cars
images_dataset_new/data/cars/carsgraz_026.bmp,cars
images_dataset_new/data/cars/carsgraz_139.bmp,cars
images_dataset_new/data/cars/carsgraz_345.bmp,cars
images_dataset_new/data/cars/carsgraz_076.bmp,cars
images_dataset_new/data/cars/carsgraz_017.bmp,cars
images_dataset_new/data/cars/carsgraz_219.bmp,cars
images_dataset_new/data/cars/carsgraz_043.bmp,cars
images_dataset_new/data/cars/carsgraz_374.bmp,cars
images_dataset_new/data/cars/carsgraz_347.bmp,cars
images_dataset_new/data/cars/carsgraz_411.bmp,cars
images_dataset_new/data/cars/carsgraz_155.bmp,cars
images_dataset_new/data/cars/carsgraz_224.bmp,cars
images_dataset_new/data/cars/carsgraz_326.bmp,cars
images_dataset_new/data/cars/carsgraz_248.bmp,cars
images_dataset_new/data/cars/carsgraz_420.bmp,cars
images_dataset_new/data/cars/carsgraz_308.bmp,cars
images_dataset_new/data/cars/carsgraz_230.bmp,cars
images_dataset_new/data/cars/carsgraz_238.bmp,cars
images_dataset_new/data/cars/carsgraz_226.bmp,cars
images_dataset_new/data/cars/carsgraz_070.bmp,cars
images_dataset_new/data/cars/carsgraz_088.bmp,cars
images_dataset_new/data/cars/carsgraz_132.bmp,cars
images_dataset_new/data/cars/carsgraz_283.bmp,cars
images_dataset_new/data/cars/carsgraz_166.bmp,cars
images_dataset_new/data/cars/carsgraz_294.bmp,cars
images_dataset_new/data/cars/carsgraz_354.bmp,cars
images_dataset_new/data/cars/carsgraz_092.bmp,cars
images_dataset_new/data/cars/carsgraz_373.bmp,cars
images_dataset_new/data/cars/carsgraz_156.bmp,cars
images_dataset_new/data/cars/carsgraz_217.bmp,cars
images_dataset_new/data/cars/carsgraz_335.bmp,cars
images_dataset_new/data/cars/carsgraz_267.bmp,cars
images_dataset_new/data/cars/carsgraz_268.bmp,cars
images_dataset_new/data/cars/carsgraz_243.bmp,cars
images_dataset_new/data/cars/carsgraz_285.bmp,cars
images_dataset_new/data/cars/carsgraz_383.bmp,cars
images_dataset_new/data/cars/carsgraz_123.bmp,cars
images_dataset_new/data/cars/carsgraz_336.bmp,cars
images_dataset_new/data/cars/carsgraz_319.bmp,cars
images_dataset_new/data/cars/carsgraz_330.bmp,cars
images_dataset_new/data/cars/carsgraz_162.bmp,cars
images_dataset_new/data/cars/carsgraz_280.bmp,cars
images_dataset_new/data/cars/carsgraz_239.bmp,cars
images_dataset_new/data/cars/carsgraz_309.bmp,cars
images_dataset_new/data/cars/carsgraz_256.bmp,cars
images_dataset_new/data/cars/carsgraz_194.bmp,cars
images_dataset_new/data/cars/carsgraz_245.bmp,cars
images_dataset_new/data/cars/carsgraz_118.bmp,cars
images_dataset_new/data/cars/carsgraz_086.bmp,cars
images_dataset_new/data/cars/carsgraz_343.bmp,cars
images_dataset_new/data/cars/carsgraz_047.bmp,cars
images_dataset_new/data/cars/carsgraz_315.bmp,cars
images_dataset_new/data/cars/carsgraz_228.bmp,cars
images_dataset_new/data/cars/carsgraz_064.bmp,cars
images_dataset_new/data/cars/carsgraz_249.bmp,cars
images_dataset_new/data/cars/carsgraz_143.bmp,cars
images_dataset_new/data/cars/carsgraz_153.bmp,cars
images_dataset_new/data/cars/carsgraz_290.bmp,cars
images_dataset_new/data/cars/carsgraz_146.bmp,cars
images_dataset_new/data/cars/carsgraz_408.bmp,cars
images_dataset_new/data/cars/carsgraz_007.bmp,cars
images_dataset_new/data/cars/carsgraz_056.bmp,cars
images_dataset_new/data/cars/carsgraz_322.bmp,cars
images_dataset_new/data/cars/carsgraz_313.bmp,cars
images_dataset_new/data/cars/carsgraz_100.bmp,cars
images_dataset_new/data/cars/carsgraz_321.bmp,cars
images_dataset_new/data/cars/carsgraz_175.bmp,cars
images_dataset_new/data/cars/carsgraz_031.bmp,cars
images_dataset_new/data/cars/carsgraz_229.bmp,cars
images_dataset_new/data/cars/carsgraz_111.bmp,cars
images_dataset_new/data/cars/carsgraz_359.bmp,cars
images_dataset_new/data/cars/carsgraz_227.bmp,cars
images_dataset_new/data/cars/carsgraz_173.bmp,cars
images_dataset_new/data/cars/carsgraz_253.bmp,cars
images_dataset_new/data/cars/carsgraz_263.bmp,cars
images_dataset_new/data/cars/carsgraz_145.bmp,cars
images_dataset_new/data/cars/carsgraz_078.bmp,cars
images_dataset_new/data/cars/carsgraz_258.bmp,cars
images_dataset_new/data/cars/carsgraz_405.bmp,cars
images_dataset_new/data/cars/carsgraz_286.bmp,cars
images_dataset_new/data/cars/carsgraz_184.bmp,cars
images_dataset_new/data/cars/carsgraz_063.bmp,cars
images_dataset_new/data/cars/carsgraz_110.bmp,cars
images_dataset_new/data/cars/carsgraz_390.bmp,cars
images_dataset_new/data/cars/carsgraz_264.bmp,cars
images_dataset_new/data/cars/carsgraz_148.bmp,cars
images_dataset_new/data/cars/carsgraz_348.bmp,cars
images_dataset_new/data/cars/carsgraz_409.bmp,cars
images_dataset_new/data/cars/carsgraz_404.bmp,cars
images_dataset_new/data/cars/carsgraz_293.bmp,cars
images_dataset_new/data/cars/carsgraz_185.bmp,cars
images_dataset_new/data/cars/carsgraz_057.bmp,cars
images_dataset_new/data/cars/carsgraz_220.bmp,cars
images_dataset_new/data/cars/carsgraz_004.bmp,cars
images_dataset_new/data/cars/carsgraz_006.bmp,cars
images_dataset_new/data/cars/carsgraz_113.bmp,cars
images_dataset_new/data/cars/carsgraz_251.bmp,cars
images_dataset_new/data/cars/carsgraz_287.bmp,cars
images_dataset_new/data/cars/carsgraz_296.bmp,cars
images_dataset_new/data/cars/carsgraz_039.bmp,cars
images_dataset_new/data/cars/carsgraz_317.bmp,cars
images_dataset_new/data/cars/carsgraz_042.bmp,cars
images_dataset_new/data/cars/carsgraz_297.bmp,cars
images_dataset_new/data/cars/carsgraz_316.bmp,cars
images_dataset_new/data/cars/carsgraz_160.bmp,cars
images_dataset_new/data/cars/carsgraz_242.bmp,cars
images_dataset_new/data/cars/carsgraz_270.bmp,cars
images_dataset_new/data/cars/carsgraz_307.bmp,cars
images_dataset_new/data/cars/carsgraz_127.bmp,cars
images_dataset_new/data/cars/carsgraz_172.bmp,cars
images_dataset_new/data/cars/carsgraz_158.bmp,cars
images_dataset_new/data/cars/carsgraz_396.bmp,cars
images_dataset_new/data/cars/carsgraz_284.bmp,cars
images_dataset_new/data/cars/carsgraz_349.bmp,cars
images_dataset_new/data/cars/carsgraz_019.bmp,cars
images_dataset_new/data/cars/carsgraz_337.bmp,cars
images_dataset_new/data/cars/carsgraz_362.bmp,cars
images_dataset_new/data/cars/carsgraz_260.bmp,cars
images_dataset_new/data/cars/carsgraz_281.bmp,cars
images_dataset_new/data/cars/carsgraz_366.bmp,cars
images_dataset_new/data/cars/carsgraz_201.bmp,cars
images_dataset_new/data/cars/carsgraz_097.bmp,cars
images_dataset_new/data/cars/carsgraz_024.bmp,cars
images_dataset_new/data/cars/carsgraz_112.bmp,cars
images_dataset_new/data/cars/carsgraz_199.bmp,cars
images_dataset_new/data/cars/carsgraz_276.bmp,cars
images_dataset_new/data/cars/carsgraz_329.bmp,cars
images_dataset_new/data/cars/carsgraz_040.bmp,cars
images_dataset_new/data/cars/carsgraz_368.bmp,cars
images_dataset_new/data/cars/carsgraz_018.bmp,cars
images_dataset_new/data/cars/carsgraz_393.bmp,cars
images_dataset_new/data/cars/carsgraz_103.bmp,cars
images_dataset_new/data/cars/carsgraz_061.bmp,cars
images_dataset_new/data/cars/carsgraz_375.bmp,cars
images_dataset_new/data/cars/carsgraz_133.bmp,cars
images_dataset_new/data/cars/carsgraz_414.bmp,cars
images_dataset_new/data/cars/carsgraz_222.bmp,cars
images_dataset_new/data/cars/carsgraz_334.bmp,cars
images_dataset_new/data/cars/carsgraz_117.bmp,cars
images_dataset_new/data/cars/carsgraz_402.bmp,cars
images_dataset_new/data/cars/carsgraz_382.bmp,cars
images_dataset_new/data/cars/carsgraz_231.bmp,cars
images_dataset_new/data/cars/carsgraz_067.bmp,cars
images_dataset_new/data/cars/carsgraz_009.bmp,cars
images_dataset_new/data/cars/carsgraz_350.bmp,cars
images_dataset_new/data/cars/carsgraz_214.bmp,cars
images_dataset_new/data/cars/carsgraz_377.bmp,cars
images_dataset_new/data/cars/carsgraz_213.bmp,cars
images_dataset_new/data/cars/carsgraz_091.bmp,cars
images_dataset_new/data/cars/carsgraz_186.bmp,cars
images_dataset_new/data/cars/carsgraz_247.bmp,cars
images_dataset_new/data/cars/carsgraz_062.bmp,cars
images_dataset_new/data/cars/carsgraz_295.bmp,cars
images_dataset_new/data/cars/carsgraz_340.bmp,cars
images_dataset_new/data/cars/carsgraz_333.bmp,cars
images_dataset_new/data/cars/carsgraz_237.bmp,cars
images_dataset_new/data/cars/carsgraz_154.bmp,cars
images_dataset_new/data/cars/carsgraz_303.bmp,cars
images_dataset_new/data/cars/carsgraz_394.bmp,cars
images_dataset_new/data/cars/carsgraz_207.bmp,cars
images_dataset_new/data/cars/carsgraz_399.bmp,cars
images_dataset_new/data/cars/carsgraz_395.bmp,cars
images_dataset_new/data/cars/carsgraz_364.bmp,cars
images_dataset_new/data/cars/carsgraz_128.bmp,cars
images_dataset_new/data/cars/carsgraz_109.bmp,cars
images_dataset_new/data/cars/carsgraz_259.bmp,cars
images_dataset_new/data/cars/carsgraz_124.bmp,cars
images_dataset_new/data/cars/carsgraz_161.bmp,cars
images_dataset_new/data/cars/carsgraz_209.bmp,cars
images_dataset_new/data/cars/carsgraz_041.bmp,cars
images_dataset_new/data/cars/carsgraz_351.bmp,cars
images_dataset_new/data/cars/carsgraz_387.bmp,cars
images_dataset_new/data/cars/carsgraz_400.bmp,cars
images_dataset_new/data/cars/carsgraz_353.bmp,cars
images_dataset_new/data/cars/carsgraz_279.bmp,cars
images_dataset_new/data/cars/carsgraz_152.bmp,cars
images_dataset_new/data/cars/carsgraz_271.bmp,cars
images_dataset_new/data/cars/carsgraz_037.bmp,cars
images_dataset_new/data/cars/carsgraz_206.bmp,cars
images_dataset_new/data/cars/carsgraz_211.bmp,cars
images_dataset_new/data/cars/carsgraz_250.bmp,cars
images_dataset_new/data/cars/carsgraz_216.bmp,cars
images_dataset_new/data/cars/carsgraz_190.bmp,cars
images_dataset_new/data/cars/carsgraz_403.bmp,cars
images_dataset_new/data/cars/carsgraz_323.bmp,cars
images_dataset_new/data/cars/carsgraz_311.bmp,cars
images_dataset_new/data/cars/carsgraz_104.bmp,cars
images_dataset_new/data/cars/carsgraz_023.bmp,cars
images_dataset_new/data/cars/carsgraz_266.bmp,cars
images_dataset_new/data/cars/carsgraz_163.bmp,cars
images_dataset_new/data/cars/carsgraz_093.bmp,cars
images_dataset_new/data/cars/carsgraz_356.bmp,cars
images_dataset_new/data/cars/carsgraz_090.bmp,cars
images_dataset_new/data/cars/carsgraz_204.bmp,cars
images_dataset_new/data/cars/carsgraz_198.bmp,cars
images_dataset_new/data/cars/carsgraz_032.bmp,cars
images_dataset_new/data/cars/carsgraz_116.bmp,cars
images_dataset_new/data/cars/carsgraz_417.bmp,cars
images_dataset_new/data/cars/carsgraz_008.bmp,cars
images_dataset_new/data/cars/carsgraz_085.bmp,cars
images_dataset_new/data/cars/carsgraz_338.bmp,cars
images_dataset_new/data/cars/carsgraz_094.bmp,cars
images_dataset_new/data/cars/carsgraz_081.bmp,cars
images_dataset_new/data/cars/carsgraz_302.bmp,cars
images_dataset_new/data/cars/carsgraz_044.bmp,cars
images_dataset_new/data/cars/carsgraz_167.bmp,cars
images_dataset_new/data/cars/carsgraz_151.bmp,cars
images_dataset_new/data/cars/carsgraz_306.bmp,cars
images_dataset_new/data/cars/carsgraz_002.bmp,cars
images_dataset_new/data/cars/carsgraz_385.bmp,cars
images_dataset_new/data/cars/carsgraz_174.bmp,cars
images_dataset_new/data/cars/carsgraz_003.bmp,cars
images_dataset_new/data/cars/carsgraz_036.bmp,cars
images_dataset_new/data/cars/carsgraz_126.bmp,cars
images_dataset_new/data/cars/carsgraz_305.bmp,cars
images_dataset_new/data/cars/carsgraz_346.bmp,cars
images_dataset_new/data/cars/carsgraz_114.bmp,cars
images_dataset_new/data/cars/carsgraz_232.bmp,cars
images_dataset_new/data/cars/carsgraz_178.bmp,cars
images_dataset_new/data/cars/carsgraz_035.bmp,cars
images_dataset_new/data/cars/carsgraz_134.bmp,cars
images_dataset_new/data/cars/carsgraz_361.bmp,cars
images_dataset_new/data/cars/carsgraz_203.bmp,cars
images_dataset_new/data/cars/carsgraz_218.bmp,cars
images_dataset_new/data/cars/carsgraz_011.bmp,cars
images_dataset_new/data/cars/carsgraz_379.bmp,cars
images_dataset_new/data/cars/carsgraz_310.bmp,cars
images_dataset_new/data/cars/carsgraz_069.bmp,cars
images_dataset_new/data/cars/carsgraz_380.bmp,cars
images_dataset_new/data/cars/carsgraz_072.bmp,cars
images_dataset_new/data/cars/carsgraz_058.bmp,cars
images_dataset_new/data/cars/carsgraz_419.bmp,cars
images_dataset_new/data/cars/carsgraz_376.bmp,cars
images_dataset_new/data/cars/carsgraz_051.bmp,cars
images_dataset_new/data/cars/carsgraz_372.bmp,cars
images_dataset_new/data/cars/carsgraz_138.bmp,cars
images_dataset_new/data/cars/carsgraz_363.bmp,cars
images_dataset_new/data/cars/carsgraz_328.bmp,cars
images_dataset_new/data/cars/carsgraz_277.bmp,cars
images_dataset_new/data/cars/carsgraz_282.bmp,cars
images_dataset_new/data/cars/carsgraz_021.bmp,cars
images_dataset_new/data/cars/carsgraz_331.bmp,cars
images_dataset_new/data/cars/carsgraz_208.bmp,cars
images_dataset_new/data/cars/carsgraz_120.bmp,cars
images_dataset_new/data/cars/carsgraz_030.bmp,cars
images_dataset_new/data/cars/carsgraz_324.bmp,cars
images_dataset_new/data/cars/carsgraz_355.bmp,cars
images_dataset_new/data/cars/carsgraz_121.bmp,cars
images_dataset_new/data/cars/carsgraz_066.bmp,cars
images_dataset_new/data/cars/carsgraz_200.bmp,cars
images_dataset_new/data/cars/carsgraz_269.bmp,cars
images_dataset_new/data/cars/carsgraz_077.bmp,cars
images_dataset_new/data/cars/carsgraz_386.bmp,cars
images_dataset_new/data/cars/carsgraz_398.bmp,cars
images_dataset_new/data/cars/carsgraz_210.bmp,cars
images_dataset_new/data/cars/carsgraz_384.bmp,cars
images_dataset_new/data/cars/carsgraz_045.bmp,cars
images_dataset_new/data/cars/carsgraz_129.bmp,cars
images_dataset_new/data/cars/carsgraz_415.bmp,cars
images_dataset_new/data/cars/carsgraz_342.bmp,cars
images_dataset_new/data/cars/carsgraz_020.bmp,cars
images_dataset_new/data/cars/carsgraz_059.bmp,cars
images_dataset_new/data/cars/carsgraz_096.bmp,cars
images_dataset_new/data/cars/carsgraz_289.bmp,cars
images_dataset_new/data/cars/carsgraz_079.bmp,cars
images_dataset_new/data/cars/carsgraz_191.bmp,cars
images_dataset_new/data/cars/carsgraz_291.bmp,cars
images_dataset_new/data/cars/carsgraz_159.bmp,cars
images_dataset_new/data/cars/carsgraz_075.bmp,cars
images_dataset_new/data/cars/carsgraz_187.bmp,cars
images_dataset_new/data/cars/carsgraz_378.bmp,cars
images_dataset_new/data/cars/carsgraz_052.bmp,cars
images_dataset_new/data/cars/carsgraz_195.bmp,cars
images_dataset_new/data/cars/carsgraz_099.bmp,cars
images_dataset_new/data/cars/carsgraz_157.bmp,cars
images_dataset_new/data/cars/carsgraz_137.bmp,cars
images_dataset_new/data/cars/carsgraz_304.bmp,cars
images_dataset_new/data/cars/carsgraz_273.bmp,cars
images_dataset_new/data/cars/carsgraz_388.bmp,cars
images_dataset_new/data/cars/carsgraz_392.bmp,cars
images_dataset_new/data/cars/carsgraz_171.bmp,cars
images_dataset_new/data/cars/carsgraz_108.bmp,cars
images_dataset_new/data/cars/carsgraz_038.bmp,cars
images_dataset_new/data/cars/carsgraz_169.bmp,cars
images_dataset_new/data/cars/carsgraz_391.bmp,cars
images_dataset_new/data/cars/carsgraz_261.bmp,cars
images_dataset_new/data/cars/carsgraz_180.bmp,cars
images_dataset_new/data/cars/carsgraz_416.bmp,cars
images_dataset_new/data/cars/carsgraz_065.bmp,cars
images_dataset_new/data/cars/carsgraz_010.bmp,cars
images_dataset_new/data/cars/carsgraz_089.bmp,cars
images_dataset_new/data/cars/carsgraz_246.bmp,cars
images_dataset_new/data/cars/carsgraz_252.bmp,cars
images_dataset_new/data/cars/carsgraz_223.bmp,cars
images_dataset_new/data/cars/carsgraz_106.bmp,cars
images_dataset_new/data/cars/carsgraz_022.bmp,cars
images_dataset_new/data/cars/carsgraz_107.bmp,cars
images_dataset_new/data/cars/carsgraz_068.bmp,cars
images_dataset_new/data/cars/carsgraz_265.bmp,cars
images_dataset_new/data/cars/carsgraz_410.bmp,cars
images_dataset_new/data/cars/carsgraz_140.bmp,cars
images_dataset_new/data/bike/bike_134.bmp,bike
images_dataset_new/data/bike/bike_002.bmp,bike
images_dataset_new/data/bike/bike_098.bmp,bike
images_dataset_new/data/bike/bike_095.bmp,bike
images_dataset_new/data/bike/bike_342.bmp,bike
images_dataset_new/data/bike/bike_025.bmp,bike
images_dataset_new/data/bike/bike_310.bmp,bike
images_dataset_new/data/bike/bike_114.bmp,bike
images_dataset_new/data/bike/bike_182.bmp,bike
images_dataset_new/data/bike/bike_340.bmp,bike
images_dataset_new/data/bike/bike_361.bmp,bike
images_dataset_new/data/bike/bike_102.bmp,bike
images_dataset_new/data/bike/bike_005.bmp,bike
images_dataset_new/data/bike/bike_294.bmp,bike
images_dataset_new/data/bike/bike_126.bmp,bike
images_dataset_new/data/bike/bike_309.bmp,bike
images_dataset_new/data/bike/bike_313.bmp,bike
images_dataset_new/data/bike/bike_272.bmp,bike
images_dataset_new/data/bike/bike_291.bmp,bike
images_dataset_new/data/bike/bike_186.bmp,bike
images_dataset_new/data/bike/bike_099.bmp,bike
images_dataset_new/data/bike/bike_316.bmp,bike
images_dataset_new/data/bike/bike_236.bmp,bike
images_dataset_new/data/bike/bike_165.bmp,bike
images_dataset_new/data/bike/bike_012.bmp,bike
images_dataset_new/data/bike/bike_043.bmp,bike
images_dataset_new/data/bike/bike_058.bmp,bike
images_dataset_new/data/bike/bike_030.bmp,bike
images_dataset_new/data/bike/bike_067.bmp,bike
images_dataset_new/data/bike/bike_260.bmp,bike
images_dataset_new/data/bike/bike_163.bmp,bike
images_dataset_new/data/bike/bike_081.bmp,bike
images_dataset_new/data/bike/bike_044.bmp,bike
images_dataset_new/data/bike/bike_008.bmp,bike
images_dataset_new/data/bike/bike_245.bmp,bike
images_dataset_new/data/bike/bike_045.bmp,bike
images_dataset_new/data/bike/bike_213.bmp,bike
images_dataset_new/data/bike/bike_125.bmp,bike
images_dataset_new/data/bike/bike_117.bmp,bike
images_dataset_new/data/bike/bike_307.bmp,bike
images_dataset_new/data/bike/bike_348.bmp,bike
images_dataset_new/data/bike/bike_276.bmp,bike
images_dataset_new/data/bike/bike_200.bmp,bike
images_dataset_new/data/bike/bike_118.bmp,bike
images_dataset_new/data/bike/bike_262.bmp,bike
images_dataset_new/data/bike/bike_153.bmp,bike
images_dataset_new/data/bike/bike_027.bmp,bike
images_dataset_new/data/bike/bike_132.bmp,bike
images_dataset_new/data/bike/bike_250.bmp,bike
images_dataset_new/data/bike/bike_199.bmp,bike
images_dataset_new/data/bike/bike_205.bmp,bike
images_dataset_new/data/bike/bike_268.bmp,bike
images_dataset_new/data/bike/bike_138.bmp,bike
images_dataset_new/data/bike/bike_150.bmp,bike
images_dataset_new/data/bike/bike_179.bmp,bike
images_dataset_new/data/bike/bike_322.bmp,bike
images_dataset_new/data/bike/bike_156.bmp,bike
images_dataset_new/data/bike/bike_314.bmp,bike
images_dataset_new/data/bike/bike_219.bmp,bike
images_dataset_new/data/bike/bike_110.bmp,bike
images_dataset_new/data/bike/bike_349.bmp,bike
images_dataset_new/data/bike/bike_169.bmp,bike
images_dataset_new/data/bike/bike_063.bmp,bike
images_dataset_new/data/bike/bike_074.bmp,bike
images_dataset_new/data/bike/bike_224.bmp,bike
images_dataset_new/data/bike/bike_157.bmp,bike
images_dataset_new/data/bike/bike_241.bmp,bike
images_dataset_new/data/bike/bike_259.bmp,bike
images_dataset_new/data/bike/bike_290.bmp,bike
images_dataset_new/data/bike/bike_228.bmp,bike
images_dataset_new/data/bike/bike_264.bmp,bike
images_dataset_new/data/bike/bike_158.bmp,bike
images_dataset_new/data/bike/bike_209.bmp,bike
images_dataset_new/data/bike/bike_223.bmp,bike
images_dataset_new/data/bike/bike_358.bmp,bike
images_dataset_new/data/bike/bike_143.bmp,bike
images_dataset_new/data/bike/bike_048.bmp,bike
images_dataset_new/data/bike/bike_318.bmp,bike
images_dataset_new/data/bike/bike_040.bmp,bike
images_dataset_new/data/bike/bike_112.bmp,bike
images_dataset_new/data/bike/bike_115.bmp,bike
images_dataset_new/data/bike/bike_061.bmp,bike
images_dataset_new/data/bike/bike_108.bmp,bike
images_dataset_new/data/bike/bike_059.bmp,bike
images_dataset_new/data/bike/bike_039.bmp,bike
images_dataset_new/data/bike/bike_001.bmp,bike
images_dataset_new/data/bike/bike_230.bmp,bike
images_dataset_new/data/bike/bike_015.bmp,bike
images_dataset_new/data/bike/bike_283.bmp,bike
images_dataset_new/data/bike/bike_036.bmp,bike
images_dataset_new/data/bike/bike_233.bmp,bike
images_dataset_new/data/bike/bike_071.bmp,bike
images_dataset_new/data/bike/bike_166.bmp,bike
images_dataset_new/data/bike/bike_089.bmp,bike
images_dataset_new/data/bike/bike_208.bmp,bike
images_dataset_new/data/bike/bike_021.bmp,bike
images_dataset_new/data/bike/bike_137.bmp,bike
images_dataset_new/data/bike/bike_305.bmp,bike
images_dataset_new/data/bike/bike_120.bmp,bike
images_dataset_new/data/bike/bike_028.bmp,bike
images_dataset_new/data/bike/bike_308.bmp,bike
images_dataset_new/data/bike/bike_086.bmp,bike
images_dataset_new/data/bike/bike_343.bmp,bike
images_dataset_new/data/bike/bike_187.bmp,bike
images_dataset_new/data/bike/bike_218.bmp,bike
images_dataset_new/data/bike/bike_293.bmp,bike
images_dataset_new/data/bike/bike_149.bmp,bike
images_dataset_new/data/bike/bike_315.bmp,bike
images_dataset_new/data/bike/bike_289.bmp,bike
images_dataset_new/data/bike/bike_324.bmp,bike
images_dataset_new/data/bike/bike_066.bmp,bike
images_dataset_new/data/bike/bike_082.bmp,bike
images_dataset_new/data/bike/bike_128.bmp,bike
images_dataset_new/data/bike/bike_176.bmp,bike
images_dataset_new/data/bike/bike_147.bmp,bike
images_dataset_new/data/bike/bike_164.bmp,bike
images_dataset_new/data/bike/bike_247.bmp,bike
images_dataset_new/data/bike/bike_344.bmp,bike
images_dataset_new/data/bike/bike_104.bmp,bike
images_dataset_new/data/bike/bike_312.bmp,bike
images_dataset_new/data/bike/bike_207.bmp,bike
images_dataset_new/data/bike/bike_339.bmp,bike
images_dataset_new/data/bike/bike_175.bmp,bike
images_dataset_new/data/bike/bike_281.bmp,bike
images_dataset_new/data/bike/bike_152.bmp,bike
images_dataset_new/data/bike/bike_080.bmp,bike
images_dataset_new/data/bike/bike_251.bmp,bike
images_dataset_new/data/bike/bike_077.bmp,bike
images_dataset_new/data/bike/bike_097.bmp,bike
images_dataset_new/data/bike/bike_146.bmp,bike
images_dataset_new/data/bike/bike_216.bmp,bike
images_dataset_new/data/bike/bike_041.bmp,bike
images_dataset_new/data/bike/bike_282.bmp,bike
images_dataset_new/data/bike/bike_091.bmp,bike
images_dataset_new/data/bike/bike_220.bmp,bike
images_dataset_new/data/bike/bike_326.bmp,bike
images_dataset_new/data/bike/bike_093.bmp,bike
images_dataset_new/data/bike/bike_042.bmp,bike
images_dataset_new/data/bike/bike_239.bmp,bike
images_dataset_new/data/bike/bike_256.bmp,bike
images_dataset_new/data/bike/bike_172.bmp,bike
images_dataset_new/data/bike/bike_278.bmp,bike
images_dataset_new/data/bike/bike_231.bmp,bike
images_dataset_new/data/bike/bike_188.bmp,bike
images_dataset_new/data/bike/bike_144.bmp,bike
images_dataset_new/data/bike/bike_350.bmp,bike
images_dataset_new/data/bike/bike_356.bmp,bike
images_dataset_new/data/bike/bike_266.bmp,bike
images_dataset_new/data/bike/bike_070.bmp,bike
images_dataset_new/data/bike/bike_065.bmp,bike
images_dataset_new/data/bike/bike_227.bmp,bike
images_dataset_new/data/bike/bike_341.bmp,bike
images_dataset_new/data/bike/bike_090.bmp,bike
images_dataset_new/data/bike/bike_140.bmp,bike
images_dataset_new/data/bike/bike_135.bmp,bike
images_dataset_new/data/bike/bike_151.bmp,bike
images_dataset_new/data/bike/bike_275.bmp,bike
images_dataset_new/data/bike/bike_234.bmp,bike
images_dataset_new/data/bike/bike_068.bmp,bike
images_dataset_new/data/bike/bike_107.bmp,bike
images_dataset_new/data/bike/bike_170.bmp,bike
images_dataset_new/data/bike/bike_323.bmp,bike
images_dataset_new/data/bike/bike_009.bmp,bike
images_dataset_new/data/bike/bike_237.bmp,bike
images_dataset_new/data/bike/bike_197.bmp,bike
images_dataset_new/data/bike/bike_202.bmp,bike
images_dataset_new/data/bike/bike_185.bmp,bike
images_dataset_new/data/bike/bike_212.bmp,bike
images_dataset_new/data/bike/bike_088.bmp,bike
images_dataset_new/data/bike/bike_079.bmp,bike
images_dataset_new/data/bike/bike_124.bmp,bike
images_dataset_new/data/bike/bike_235.bmp,bike
images_dataset_new/data/bike/bike_052.bmp,bike
images_dataset_new/data/bike/bike_244.bmp,bike
images_dataset_new/data/bike/bike_255.bmp,bike
images_dataset_new/data/bike/bike_136.bmp,bike
images_dataset_new/data/bike/bike_131.bmp,bike
images_dataset_new/data/bike/bike_204.bmp,bike
images_dataset_new/data/bike/bike_277.bmp,bike
images_dataset_new/data/bike/bike_019.bmp,bike
images_dataset_new/data/bike/bike_007.bmp,bike
images_dataset_new/data/bike/bike_057.bmp,bike
images_dataset_new/data/bike/bike_300.bmp,bike
images_dataset_new/data/bike/bike_211.bmp,bike
images_dataset_new/data/bike/bike_333.bmp,bike
images_dataset_new/data/bike/bike_352.bmp,bike
images_dataset_new/data/bike/bike_024.bmp,bike
images_dataset_new/data/bike/bike_329.bmp,bike
images_dataset_new/data/bike/bike_210.bmp,bike
images_dataset_new/data/bike/bike_335.bmp,bike
images_dataset_new/data/bike/bike_221.bmp,bike
images_dataset_new/data/bike/bike_038.bmp,bike
images_dataset_new/data/bike/bike_016.bmp,bike
images_dataset_new/data/bike/bike_100.bmp,bike
images_dataset_new/data/bike/bike_105.bmp,bike
images_dataset_new/data/bike/bike_306.bmp,bike
images_dataset_new/data/bike/bike_362.bmp,bike
images_dataset_new/data/bike/bike_347.bmp,bike
images_dataset_new/data/bike/bike_006.bmp,bike
images_dataset_new/data/bike/bike_198.bmp,bike
images_dataset_new/data/bike/bike_113.bmp,bike
images_dataset_new/data/bike/bike_053.bmp,bike
images_dataset_new/data/bike/bike_075.bmp,bike
images_dataset_new/data/bike/bike_060.bmp,bike
images_dataset_new/data/bike/bike_064.bmp,bike
images_dataset_new/data/bike/bike_321.bmp,bike
images_dataset_new/data/bike/bike_226.bmp,bike
images_dataset_new/data/bike/bike_145.bmp,bike
images_dataset_new/data/bike/bike_106.bmp,bike
images_dataset_new/data/bike/bike_292.bmp,bike
images_dataset_new/data/bike/bike_168.bmp,bike
images_dataset_new/data/bike/bike_103.bmp,bike
images_dataset_new/data/bike/bike_285.bmp,bike
images_dataset_new/data/bike/bike_206.bmp,bike
images_dataset_new/data/bike/bike_171.bmp,bike
images_dataset_new/data/bike/bike_031.bmp,bike
images_dataset_new/data/bike/bike_161.bmp,bike
images_dataset_new/data/bike/bike_325.bmp,bike
images_dataset_new/data/bike/bike_320.bmp,bike
images_dataset_new/data/bike/bike_288.bmp,bike
images_dataset_new/data/bike/bike_111.bmp,bike
images_dataset_new/data/bike/bike_162.bmp,bike
images_dataset_new/data/bike/bike_311.bmp,bike
images_dataset_new/data/bike/bike_189.bmp,bike
images_dataset_new/data/bike/bike_133.bmp,bike
images_dataset_new/data/bike/bike_062.bmp,bike
images_dataset_new/data/bike/bike_129.bmp,bike
images_dataset_new/data/bike/bike_119.bmp,bike
images_dataset_new/data/bike/bike_346.bmp,bike
images_dataset_new/data/bike/bike_246.bmp,bike
images_dataset_new/data/bike/bike_072.bmp,bike
images_dataset_new/data/bike/bike_054.bmp,bike
images_dataset_new/data/bike/bike_331.bmp,bike
images_dataset_new/data/bike/bike_225.bmp,bike
images_dataset_new/data/bike/bike_274.bmp,bike
images_dataset_new/data/bike/bike_181.bmp,bike
images_dataset_new/data/bike/bike_055.bmp,bike
images_dataset_new/data/bike/bike_302.bmp,bike
images_dataset_new/data/bike/bike_013.bmp,bike
images_dataset_new/data/bike/bike_252.bmp,bike
images_dataset_new/data/bike/bike_046.bmp,bike
images_dataset_new/data/bike/bike_299.bmp,bike
images_dataset_new/data/bike/bike_270.bmp,bike
images_dataset_new/data/bike/bike_297.bmp,bike
images_dataset_new/data/bike/bike_049.bmp,bike
images_dataset_new/data/bike/bike_258.bmp,bike
images_dataset_new/data/bike/bike_026.bmp,bike
images_dataset_new/data/bike/bike_096.bmp,bike
images_dataset_new/data/bike/bike_229.bmp,bike
images_dataset_new/data/bike/bike_018.bmp,bike
images_dataset_new/data/bike/bike_265.bmp,bike
images_dataset_new/data/bike/bike_085.bmp,bike
images_dataset_new/data/bike/bike_364.bmp,bike
images_dataset_new/data/bike/bike_330.bmp,bike
images_dataset_new/data/bike/bike_003.bmp,bike
images_dataset_new/data/bike/bike_004.bmp,bike
images_dataset_new/data/bike/bike_203.bmp,bike
images_dataset_new/data/bike/bike_029.bmp,bike
images_dataset_new/data/bike/bike_195.bmp,bike
images_dataset_new/data/bike/bike_092.bmp,bike
images_dataset_new/data/bike/bike_365.bmp,bike
images_dataset_new/data/bike/bike_033.bmp,bike
images_dataset_new/data/bike/bike_257.bmp,bike
images_dataset_new/data/bike/bike_154.bmp,bike
images_dataset_new/data/bike/bike_327.bmp,bike
images_dataset_new/data/bike/bike_345.bmp,bike
images_dataset_new/data/bike/bike_336.bmp,bike
images_dataset_new/data/bike/bike_034.bmp,bike
images_dataset_new/data/bike/bike_160.bmp,bike
images_dataset_new/data/bike/bike_217.bmp,bike
images_dataset_new/data/bike/bike_359.bmp,bike
images_dataset_new/data/bike/bike_232.bmp,bike
images_dataset_new/data/bike/bike_215.bmp,bike
images_dataset_new/data/bike/bike_191.bmp,bike
images_dataset_new/data/bike/bike_298.bmp,bike
images_dataset_new/data/bike/bike_184.bmp,bike
images_dataset_new/data/bike/bike_123.bmp,bike
images_dataset_new/data/bike/bike_142.bmp,bike
images_dataset_new/data/bike/bike_130.bmp,bike
images_dataset_new/data/bike/bike_056.bmp,bike
images_dataset_new/data/bike/bike_354.bmp,bike
images_dataset_new/data/bike/bike_051.bmp,bike
images_dataset_new/data/bike/bike_073.bmp,bike
images_dataset_new/data/bike/bike_167.bmp,bike
images_dataset_new/data/bike/bike_087.bmp,bike
images_dataset_new/data/bike/bike_194.bmp,bike
images_dataset_new/data/bike/bike_183.bmp,bike
images_dataset_new/data/bike/bike_069.bmp,bike
images_dataset_new/data/bike/bike_122.bmp,bike
images_dataset_new/data/bike/bike_177.bmp,bike
images_dataset_new/data/bike/bike_280.bmp,bike
images_dataset_new/data/bike/bike_178.bmp,bike
images_dataset_new/data/bike/bike_148.bmp,bike
images_dataset_new/data/bike/bike_301.bmp,bike
images_dataset_new/data/bike/bike_035.bmp,bike
images_dataset_new/data/bike/bike_127.bmp,bike
images_dataset_new/data/bike/bike_078.bmp,bike
images_dataset_new/data/bike/bike_139.bmp,bike
images_dataset_new/data/bike/bike_254.bmp,bike
images_dataset_new/data/bike/bike_353.bmp,bike
images_dataset_new/data/bike/bike_017.bmp,bike
images_dataset_new/data/bike/bike_174.bmp,bike
images_dataset_new/data/bike/bike_261.bmp,bike
images_dataset_new/data/bike/bike_295.bmp,bike
images_dataset_new/data/bike/bike_190.bmp,bike
images_dataset_new/data/bike/bike_193.bmp,bike
images_dataset_new/data/bike/bike_083.bmp,bike
images_dataset_new/data/bike/bike_084.bmp,bike
images_dataset_new/data/bike/bike_173.bmp,bike
images_dataset_new/data/bike/bike_101.bmp,bike
images_dataset_new/data/bike/bike_355.bmp,bike
images_dataset_new/data/bike/bike_222.bmp,bike
images_dataset_new/data/bike/bike_337.bmp,bike
images_dataset_new/data/bike/bike_020.bmp,bike
images_dataset_new/data/bike/bike_303.bmp,bike
images_dataset_new/data/bike/bike_214.bmp,bike
images_dataset_new/data/bike/bike_279.bmp,bike
images_dataset_new/data/bike/bike_296.bmp,bike
images_dataset_new/data/bike/bike_023.bmp,bike
images_dataset_new/data/bike/bike_155.bmp,bike
images_dataset_new/data/bike/bike_014.bmp,bike
images_dataset_new/data/bike/bike_243.bmp,bike
images_dataset_new/data/bike/bike_242.bmp,bike
images_dataset_new/data/bike/bike_116.bmp,bike
images_dataset_new/data/bike/bike_011.bmp,bike
images_dataset_new/data/bike/bike_022.bmp,bike
images_dataset_new/data/bike/bike_076.bmp,bike
images_dataset_new/data/bike/bike_238.bmp,bike
images_dataset_new/data/bike/bike_267.bmp,bike
images_dataset_new/data/bike/bike_286.bmp,bike
images_dataset_new/data/bike/bike_269.bmp,bike
images_dataset_new/data/bike/bike_363.bmp,bike
images_dataset_new/data/bike/bike_180.bmp,bike
images_dataset_new/data/bike/bike_319.bmp,bike
images_dataset_new/data/bike/bike_357.bmp,bike
images_dataset_new/data/bike/bike_304.bmp,bike
images_dataset_new/data/bike/bike_287.bmp,bike
images_dataset_new/data/bike/bike_109.bmp,bike
images_dataset_new/data/bike/bike_121.bmp,bike
images_dataset_new/data/bike/bike_328.bmp,bike
images_dataset_new/data/bike/bike_201.bmp,bike
images_dataset_new/data/bike/bike_249.bmp,bike
images_dataset_new/data/bike/bike_050.bmp,bike
images_dataset_new/data/bike/bike_332.bmp,bike
images_dataset_new/data/bike/bike_192.bmp,bike
images_dataset_new/data/bike/bike_253.bmp,bike
images_dataset_new/data/bike/bike_196.bmp,bike
images_dataset_new/data/bike/bike_047.bmp,bike
images_dataset_new/data/bike/bike_351.bmp,bike
images_dataset_new/data/bike/bike_141.bmp,bike
images_dataset_new/data/bike/bike_263.bmp,bike
images_dataset_new/data/bike/bike_317.bmp,bike
images_dataset_new/data/bike/bike_271.bmp,bike
images_dataset_new/data/bike/bike_334.bmp,bike
images_dataset_new/data/bike/bike_360.bmp,bike
images_dataset_new/data/bike/bike_094.bmp,bike
images_dataset_new/data/bike/bike_240.bmp,bike
images_dataset_new/data/bike/bike_032.bmp,bike
images_dataset_new/data/bike/bike_248.bmp,bike
images_dataset_new/data/bike/bike_159.bmp,bike
images_dataset_new/data/bike/bike_010.bmp,bike
images_dataset_new/data/bike/bike_037.bmp,bike
images_dataset_new/data/bike/bike_273.bmp,bike
images_dataset_new/data/bike/bike_338.bmp,bike
images_dataset_new/data/bike/bike_284.bmp,bike
images_dataset_new/data/flowers/0041.png,flowers
images_dataset_new/data/flowers/0168.png,flowers
images_dataset_new/data/flowers/0127.png,flowers
images_dataset_new/data/flowers/0163.png,flowers
images_dataset_new/data/flowers/0054.png,flowers
images_dataset_new/data/flowers/0132.png,flowers
images_dataset_new/data/flowers/0204.png,flowers
images_dataset_new/data/flowers/0071.png,flowers
images_dataset_new/data/flowers/0033.png,flowers
images_dataset_new/data/flowers/0058.png,flowers
images_dataset_new/data/flowers/0040.png,flowers
images_dataset_new/data/flowers/0135.png,flowers
images_dataset_new/data/flowers/0002.png,flowers
images_dataset_new/data/flowers/0095.png,flowers
images_dataset_new/data/flowers/0051.png,flowers
images_dataset_new/data/flowers/0061.png,flowers
images_dataset_new/data/flowers/0154.png,flowers
images_dataset_new/data/flowers/0021.png,flowers
images_dataset_new/data/flowers/0063.png,flowers
images_dataset_new/data/flowers/0114.png,flowers
images_dataset_new/data/flowers/0004.png,flowers
images_dataset_new/data/flowers/0022.png,flowers
images_dataset_new/data/flowers/0164.png,flowers
images_dataset_new/data/flowers/0100.png,flowers
images_dataset_new/data/flowers/0159.png,flowers
images_dataset_new/data/flowers/0207.png,flowers
images_dataset_new/data/flowers/0059.png,flowers
images_dataset_new/data/flowers/0158.png,flowers
images_dataset_new/data/flowers/0050.png,flowers
images_dataset_new/data/flowers/0016.png,flowers
images_dataset_new/data/flowers/0055.png,flowers
images_dataset_new/data/flowers/0087.png,flowers
images_dataset_new/data/flowers/0195.png,flowers
images_dataset_new/data/flowers/0078.png,flowers
images_dataset_new/data/flowers/0094.png,flowers
images_dataset_new/data/flowers/0026.png,flowers
images_dataset_new/data/flowers/0111.png,flowers
images_dataset_new/data/flowers/0197.png,flowers
images_dataset_new/data/flowers/0142.png,flowers
images_dataset_new/data/flowers/0209.png,flowers
images_dataset_new/data/flowers/0036.png,flowers
images_dataset_new/data/flowers/0015.png,flowers
images_dataset_new/data/flowers/0121.png,flowers
images_dataset_new/data/flowers/0064.png,flowers
images_dataset_new/data/flowers/0091.png,flowers
images_dataset_new/data/flowers/0069.png,flowers
images_dataset_new/data/flowers/0133.png,flowers
images_dataset_new/data/flowers/0130.png,flowers
images_dataset_new/data/flowers/0178.png,flowers
images_dataset_new/data/flowers/0085.png,flowers
images_dataset_new/data/flowers/0011.png,flowers
images_dataset_new/data/flowers/0068.png,flowers
images_dataset_new/data/flowers/0042.png,flowers
images_dataset_new/data/flowers/0173.png,flowers
images_dataset_new/data/flowers/0145.png,flowers
images_dataset_new/data/flowers/0170.png,flowers
images_dataset_new/data/flowers/0122.png,flowers
images_dataset_new/data/flowers/0101.png,flowers
images_dataset_new/data/flowers/0001.png,flowers
images_dataset_new/data/flowers/0109.png,flowers
images_dataset_new/data/flowers/0201.png,flowers
images_dataset_new/data/flowers/0149.png,flowers
images_dataset_new/data/flowers/0005.png,flowers
images_dataset_new/data/flowers/0076.png,flowers
images_dataset_new/data/flowers/0119.png,flowers
images_dataset_new/data/flowers/0062.png,flowers
images_dataset_new/data/flowers/0007.png,flowers
images_dataset_new/data/flowers/0192.png,flowers
images_dataset_new/data/flowers/0003.png,flowers
images_dataset_new/data/flowers/0167.png,flowers
images_dataset_new/data/flowers/0210.png,flowers
images_dataset_new/data/flowers/0074.png,flowers
images_dataset_new/data/flowers/0052.png,flowers
images_dataset_new/data/flowers/0187.png,flowers
images_dataset_new/data/flowers/0008.png,flowers
images_dataset_new/data/flowers/0093.png,flowers
images_dataset_new/data/flowers/0128.png,flowers
images_dataset_new/data/flowers/0161.png,flowers
images_dataset_new/data/flowers/0124.png,flowers
images_dataset_new/data/flowers/0182.png,flowers
images_dataset_new/data/flowers/0025.png,flowers
images_dataset_new/data/flowers/0029.png,flowers
images_dataset_new/data/flowers/0151.png,flowers
images_dataset_new/data/flowers/0153.png,flowers
images_dataset_new/data/flowers/0034.png,flowers
images_dataset_new/data/flowers/0031.png,flowers
images_dataset_new/data/flowers/0103.png,flowers
images_dataset_new/data/flowers/0065.png,flowers
images_dataset_new/data/flowers/0048.png,flowers
images_dataset_new/data/flowers/0123.png,flowers
images_dataset_new/data/flowers/0082.png,flowers
images_dataset_new/data/flowers/0191.png,flowers
images_dataset_new/data/flowers/0196.png,flowers
images_dataset_new/data/flowers/0105.png,flowers
images_dataset_new/data/flowers/0131.png,flowers
images_dataset_new/data/flowers/0088.png,flowers
images_dataset_new/data/flowers/0102.png,flowers
images_dataset_new/data/flowers/0206.png,flowers
images_dataset_new/data/flowers/0179.png,flowers
images_dataset_new/data/flowers/0060.png,flowers
images_dataset_new/data/flowers/0181.png,flowers
images_dataset_new/data/flowers/0150.png,flowers
images_dataset_new/data/flowers/0090.png,flowers
images_dataset_new/data/flowers/0010.png,flowers
images_dataset_new/data/flowers/0205.png,flowers
images_dataset_new/data/flowers/0099.png,flowers
images_dataset_new/data/flowers/0147.png,flowers
images_dataset_new/data/flowers/0035.png,flowers
images_dataset_new/data/flowers/0144.png,flowers
images_dataset_new/data/flowers/0184.png,flowers
images_dataset_new/data/flowers/0056.png,flowers
images_dataset_new/data/flowers/0157.png,flowers
images_dataset_new/data/flowers/0186.png,flowers
images_dataset_new/data/flowers/0188.png,flowers
images_dataset_new/data/flowers/0166.png,flowers
images_dataset_new/data/flowers/0023.png,flowers
images_dataset_new/data/flowers/0017.png,flowers
images_dataset_new/data/flowers/0108.png,flowers
images_dataset_new/data/flowers/0072.png,flowers
images_dataset_new/data/flowers/0067.png,flowers
images_dataset_new/data/flowers/0018.png,flowers
images_dataset_new/data/flowers/0118.png,flowers
images_dataset_new/data/flowers/0165.png,flowers
images_dataset_new/data/flowers/0104.png,flowers
images_dataset_new/data/flowers/0139.png,flowers
images_dataset_new/data/flowers/0047.png,flowers
images_dataset_new/data/flowers/0136.png,flowers
images_dataset_new/data/flowers/0134.png,flowers
images_dataset_new/data/flowers/0208.png,flowers
images_dataset_new/data/flowers/0043.png,flowers
images_dataset_new/data/flowers/0032.png,flowers
images_dataset_new/data/flowers/0155.png,flowers
images_dataset_new/data/flowers/0190.png,flowers
images_dataset_new/data/flowers/0013.png,flowers
images_dataset_new/data/flowers/0183.png,flowers
images_dataset_new/data/flowers/0177.png,flowers
images_dataset_new/data/flowers/0097.png,flowers
images_dataset_new/data/flowers/0160.png,flowers
images_dataset_new/data/flowers/0053.png,flowers
images_dataset_new/data/flowers/0027.png,flowers
images_dataset_new/data/flowers/0175.png,flowers
images_dataset_new/data/flowers/0116.png,flowers
images_dataset_new/data/flowers/0092.png,flowers
images_dataset_new/data/flowers/0156.png,flowers
images_dataset_new/data/flowers/0089.png,flowers
images_dataset_new/data/flowers/0126.png,flowers
images_dataset_new/data/flowers/0077.png,flowers
images_dataset_new/data/flowers/0129.png,flowers
images_dataset_new/data/flowers/0066.png,flowers
images_dataset_new/data/flowers/0038.png,flowers
images_dataset_new/data/flowers/0075.png,flowers
images_dataset_new/data/flowers/0141.png,flowers
images_dataset_new/data/flowers/0079.png,flowers
images_dataset_new/data/flowers/0194.png,flowers
images_dataset_new/data/flowers/0113.png,flowers
images_dataset_new/data/flowers/0152.png,flowers
images_dataset_new/data/flowers/0049.png,flowers
images_dataset_new/data/flowers/0110.png,flowers
images_dataset_new/data/flowers/0120.png,flowers
images_dataset_new/data/flowers/0039.png,flowers
images_dataset_new/data/flowers/0096.png,flowers
images_dataset_new/data/flowers/0098.png,flowers
images_dataset_new/data/flowers/0044.png,flowers
images_dataset_new/data/flowers/0115.png,flowers
images_dataset_new/data/flowers/0180.png,flowers
images_dataset_new/data/flowers/0138.png,flowers
images_dataset_new/data/flowers/0030.png,flowers
images_dataset_new/data/flowers/0169.png,flowers
images_dataset_new/data/flowers/0086.png,flowers
images_dataset_new/data/flowers/0200.png,flowers
images_dataset_new/data/flowers/0046.png,flowers
images_dataset_new/data/flowers/0199.png,flowers
images_dataset_new/data/flowers/0171.png,flowers
images_dataset_new/data/flowers/0189.png,flowers
images_dataset_new/data/flowers/0028.png,flowers
images_dataset_new/data/flowers/0176.png,flowers
images_dataset_new/data/flowers/0193.png,flowers
images_dataset_new/data/flowers/0198.png,flowers
images_dataset_new/data/flowers/0037.png,flowers
images_dataset_new/data/flowers/0014.png,flowers
images_dataset_new/data/flowers/0174.png,flowers
images_dataset_new/data/flowers/0081.png,flowers
images_dataset_new/data/flowers/0202.png,flowers
images_dataset_new/data/flowers/0019.png,flowers
images_dataset_new/data/flowers/0084.png,flowers
images_dataset_new/data/flowers/0073.png,flowers
images_dataset_new/data/flowers/0057.png,flowers
images_dataset_new/data/flowers/0083.png,flowers
images_dataset_new/data/flowers/0009.png,flowers
images_dataset_new/data/flowers/0137.png,flowers
images_dataset_new/data/flowers/0203.png,flowers
images_dataset_new/data/flowers/0148.png,flowers
images_dataset_new/data/flowers/0112.png,flowers
images_dataset_new/data/flowers/0045.png,flowers
images_dataset_new/data/flowers/0080.png,flowers
images_dataset_new/data/flowers/0162.png,flowers
images_dataset_new/data/flowers/0006.png,flowers
images_dataset_new/data/flowers/0143.png,flowers
images_dataset_new/data/flowers/0185.png,flowers
images_dataset_new/data/flowers/0024.png,flowers
images_dataset_new/data/flowers/0172.png,flowers
images_dataset_new/data/flowers/0140.png,flowers
images_dataset_new/data/flowers/0117.png,flowers
images_dataset_new/data/flowers/0107.png,flowers
images_dataset_new/data/flowers/0020.png,flowers
images_dataset_new/data/flowers/0012.png,flowers
images_dataset_new/data/flowers/0106.png,flowers
images_dataset_new/data/flowers/0125.png,flowers
images_dataset_new/data/flowers/0070.png,flowers
images_dataset_new/data/flowers/0146.png,flowers
images_dataset_new/data/cats/cat.114.jpg,cats
images_dataset_new/data/cats/cat.115.jpg,cats
images_dataset_new/data/cats/cat.161.jpg,cats
images_dataset_new/data/cats/cat.32.jpg,cats
images_dataset_new/data/cats/cat.33.jpg,cats
images_dataset_new/data/cats/cat.188.jpg,cats
images_dataset_new/data/cats/cat.44.jpg,cats
images_dataset_new/data/cats/cat.92.jpg,cats
images_dataset_new/data/cats/cat.120.jpg,cats
images_dataset_new/data/cats/cat.127.jpg,cats
images_dataset_new/data/cats/cat.173.jpg,cats
images_dataset_new/data/cats/cat.13.jpg,cats
images_dataset_new/data/cats/cat.150.jpg,cats
images_dataset_new/data/cats/cat.56.jpg,cats
images_dataset_new/data/cats/cat.45.jpg,cats
images_dataset_new/data/cats/cat.186.jpg,cats
images_dataset_new/data/cats/cat.101.jpg,cats
images_dataset_new/data/cats/cat.73.jpg,cats
images_dataset_new/data/cats/cat.15.jpg,cats
images_dataset_new/data/cats/cat.83.jpg,cats
images_dataset_new/data/cats/cat.41.jpg,cats
images_dataset_new/data/cats/cat.153.jpg,cats
images_dataset_new/data/cats/cat.116.jpg,cats
images_dataset_new/data/cats/cat.75.jpg,cats
images_dataset_new/data/cats/cat.26.jpg,cats
images_dataset_new/data/cats/cat.54.jpg,cats
images_dataset_new/data/cats/cat.169.jpg,cats
images_dataset_new/data/cats/cat.53.jpg,cats
images_dataset_new/data/cats/cat.7.jpg,cats
images_dataset_new/data/cats/cat.191.jpg,cats
images_dataset_new/data/cats/cat.87.jpg,cats
images_dataset_new/data/cats/cat.167.jpg,cats
images_dataset_new/data/cats/cat.58.jpg,cats
images_dataset_new/data/cats/cat.93.jpg,cats
images_dataset_new/data/cats/cat.179.jpg,cats
images_dataset_new/data/cats/cat.66.jpg,cats
images_dataset_new/data/cats/cat.91.jpg,cats
images_dataset_new/data/cats/cat.63.jpg,cats
images_dataset_new/data/cats/cat.62.jpg,cats
images_dataset_new/data/cats/cat.37.jpg,cats
images_dataset_new/data/cats/cat.18.jpg,cats
images_dataset_new/data/cats/cat.55.jpg,cats
images_dataset_new/data/cats/cat.77.jpg,cats
images_dataset_new/data/cats/cat.80.jpg,cats
images_dataset_new/data/cats/cat.65.jpg,cats
images_dataset_new/data/cats/cat.84.jpg,cats
images_dataset_new/data/cats/cat.156.jpg,cats
images_dataset_new/data/cats/cat.48.jpg,cats
images_dataset_new/data/cats/cat.46.jpg,cats
images_dataset_new/data/cats/cat.126.jpg,cats
images_dataset_new/data/cats/cat.51.jpg,cats
images_dataset_new/data/cats/cat.192.jpg,cats
images_dataset_new/data/cats/cat.86.jpg,cats
images_dataset_new/data/cats/cat.36.jpg,cats
images_dataset_new/data/cats/cat.132.jpg,cats
images_dataset_new/data/cats/cat.8.jpg,cats
images_dataset_new/data/cats/cat.183.jpg,cats
images_dataset_new/data/cats/cat.1.jpg,cats
images_dataset_new/data/cats/cat.88.jpg,cats
images_dataset_new/data/cats/cat.85.jpg,cats
images_dataset_new/data/cats/cat.199.jpg,cats
images_dataset_new/data/cats/cat.70.jpg,cats
images_dataset_new/data/cats/cat.202.jpg,cats
images_dataset_new/data/cats/cat.193.jpg,cats
images_dataset_new/data/cats/cat.64.jpg,cats
images_dataset_new/data/cats/cat.40.jpg,cats
images_dataset_new/data/cats/cat.162.jpg,cats
images_dataset_new/data/cats/cat.68.jpg,cats
images_dataset_new/data/cats/cat.110.jpg,cats
images_dataset_new/data/cats/cat.103.jpg,cats
images_dataset_new/data/cats/cat.38.jpg,cats
images_dataset_new/data/cats/cat.99.jpg,cats
images_dataset_new/data/cats/cat.29.jpg,cats
images_dataset_new/data/cats/cat.187.jpg,cats
images_dataset_new/data/cats/cat.185.jpg,cats
images_dataset_new/data/cats/cat.19.jpg,cats
images_dataset_new/data/cats/cat.21.jpg,cats
images_dataset_new/data/cats/cat.140.jpg,cats
images_dataset_new/data/cats/cat.178.jpg,cats
images_dataset_new/data/cats/cat.97.jpg,cats
images_dataset_new/data/cats/cat.166.jpg,cats
images_dataset_new/data/cats/cat.14.jpg,cats
images_dataset_new/data/cats/cat.9.jpg,cats
images_dataset_new/data/cats/cat.189.jpg,cats
images_dataset_new/data/cats/cat.76.jpg,cats
images_dataset_new/data/cats/cat.174.jpg,cats
images_dataset_new/data/cats/cat.39.jpg,cats
images_dataset_new/data/cats/cat.11.jpg,cats
images_dataset_new/data/cats/cat.60.jpg,cats
images_dataset_new/data/cats/cat.152.jpg,cats
images_dataset_new/data/cats/cat.177.jpg,cats
images_dataset_new/data/cats/cat.102.jpg,cats
images_dataset_new/data/cats/cat.118.jpg,cats
images_dataset_new/data/cats/cat.78.jpg,cats
images_dataset_new/data/cats/cat.171.jpg,cats
images_dataset_new/data/cats/cat.95.jpg,cats
images_dataset_new/data/cats/cat.159.jpg,cats
images_dataset_new/data/cats/cat.125.jpg,cats
images_dataset_new/data/cats/cat.100.jpg,cats
images_dataset_new/data/cats/cat.113.jpg,cats
images_dataset_new/data/cats/cat.20.jpg,cats
images_dataset_new/data/cats/cat.121.jpg,cats
images_dataset_new/data/cats/cat.145.jpg,cats
images_dataset_new/data/cats/cat.163.jpg,cats
images_dataset_new/data/cats/cat.111.jpg,cats
images_dataset_new/data/cats/cat.195.jpg,cats
images_dataset_new/data/cats/cat.59.jpg,cats
images_dataset_new/data/cats/cat.131.jpg,cats
images_dataset_new/data/cats/cat.198.jpg,cats
images_dataset_new/data/cats/cat.154.jpg,cats
images_dataset_new/data/cats/cat.112.jpg,cats
images_dataset_new/data/cats/cat.180.jpg,cats
images_dataset_new/data/cats/cat.196.jpg,cats
images_dataset_new/data/cats/cat.181.jpg,cats
images_dataset_new/data/cats/cat.141.jpg,cats
images_dataset_new/data/cats/cat.108.jpg,cats
images_dataset_new/data/cats/cat.139.jpg,cats
images_dataset_new/data/cats/cat.194.jpg,cats
images_dataset_new/data/cats/cat.119.jpg,cats
images_dataset_new/data/cats/cat.61.jpg,cats
images_dataset_new/data/cats/cat.144.jpg,cats
images_dataset_new/data/cats/cat.98.jpg,cats
images_dataset_new/data/cats/cat.94.jpg,cats
images_dataset_new/data/cats/cat.151.jpg,cats
images_dataset_new/data/cats/cat.170.jpg,cats
images_dataset_new/data/cats/cat.172.jpg,cats
images_dataset_new/data/cats/cat.146.jpg,cats
images_dataset_new/data/cats/cat.22.jpg,cats
images_dataset_new/data/cats/cat.23.jpg,cats
images_dataset_new/data/cats/cat.31.jpg,cats
images_dataset_new/data/cats/cat.190.jpg,cats
images_dataset_new/data/cats/cat.123.jpg,cats
images_dataset_new/data/cats/cat.47.jpg,cats
images_dataset_new/data/cats/cat.69.jpg,cats
images_dataset_new/data/cats/cat.50.jpg,cats
images_dataset_new/data/cats/cat.28.jpg,cats
images_dataset_new/data/cats/cat.71.jpg,cats
images_dataset_new/data/cats/cat.17.jpg,cats
images_dataset_new/data/cats/cat.155.jpg,cats
images_dataset_new/data/cats/cat.49.jpg,cats
images_dataset_new/data/cats/cat.197.jpg,cats
images_dataset_new/data/cats/cat.5.jpg,cats
images_dataset_new/data/cats/cat.165.jpg,cats
images_dataset_new/data/cats/cat.182.jpg,cats
images_dataset_new/data/cats/cat.104.jpg,cats
images_dataset_new/data/cats/cat.4.jpg,cats
images_dataset_new/data/cats/cat.168.jpg,cats
images_dataset_new/data/cats/cat.143.jpg,cats
images_dataset_new/data/cats/cat.30.jpg,cats
images_dataset_new/data/cats/cat.128.jpg,cats
images_dataset_new/data/cats/cat.157.jpg,cats
images_dataset_new/data/cats/cat.52.jpg,cats
images_dataset_new/data/cats/cat.27.jpg,cats
images_dataset_new/data/cats/cat.124.jpg,cats
images_dataset_new/data/cats/cat.25.jpg,cats
images_dataset_new/data/cats/cat.10.jpg,cats
images_dataset_new/data/cats/cat.201.jpg,cats
images_dataset_new/data/cats/cat.147.jpg,cats
images_dataset_new/data/cats/cat.89.jpg,cats
images_dataset_new/data/cats/cat.184.jpg,cats
images_dataset_new/data/cats/cat.74.jpg,cats
images_dataset_new/data/cats/cat.175.jpg,cats
images_dataset_new/data/cats/cat.129.jpg,cats
images_dataset_new/data/cats/cat.158.jpg,cats
images_dataset_new/data/cats/cat.148.jpg,cats
images_dataset_new/data/cats/cat.6.jpg,cats
images_dataset_new/data/cats/cat.133.jpg,cats
images_dataset_new/data/cats/cat.12.jpg,cats
images_dataset_new/data/cats/cat.130.jpg,cats
images_dataset_new/data/cats/cat.138.jpg,cats
images_dataset_new/data/cats/cat.105.jpg,cats
images_dataset_new/data/cats/cat.82.jpg,cats
images_dataset_new/data/cats/cat.42.jpg,cats
images_dataset_new/data/cats/cat.79.jpg,cats
images_dataset_new/data/cats/cat.160.jpg,cats
images_dataset_new/data/cats/cat.96.jpg,cats
images_dataset_new/data/cats/cat.117.jpg,cats
images_dataset_new/data/cats/cat.176.jpg,cats
images_dataset_new/data/cats/cat.35.jpg,cats
images_dataset_new/data/cats/cat.90.jpg,cats
images_dataset_new/data/cats/cat.72.jpg,cats
images_dataset_new/data/cats/cat.136.jpg,cats
images_dataset_new/data/cats/cat.134.jpg,cats
images_dataset_new/data/cats/cat.149.jpg,cats
images_dataset_new/data/cats/cat.57.jpg,cats
images_dataset_new/data/cats/cat.67.jpg,cats
images_dataset_new/data/cats/cat.200.jpg,cats
images_dataset_new/data/cats/cat.135.jpg,cats
images_dataset_new/data/cats/cat.3.jpg,cats
images_dataset_new/data/cats/cat.16.jpg,cats
images_dataset_new/data/cats/cat.43.jpg,cats
images_dataset_new/data/cats/cat.164.jpg,cats
images_dataset_new/data/cats/cat.137.jpg,cats
images_dataset_new/data/cats/cat.107.jpg,cats
images_dataset_new/data/cats/cat.24.jpg,cats
images_dataset_new/data/cats/cat.106.jpg,cats
images_dataset_new/data/cats/cat.109.jpg,cats
images_dataset_new/data/cats/cat.122.jpg,cats
images_dataset_new/data/cats/cat.142.jpg,cats
images_dataset_new/data/cats/cat.34.jpg,cats
images_dataset_new/data/cats/cat.81.jpg,cats
images_dataset_new/data/cats/cat.2.jpg,cats
images_dataset_new/data/horses/horse-16.jpg,horses
images_dataset_new/data/horses/horse-188.jpg,horses
images_dataset_new/data/horses/horse-54.jpg,horses
images_dataset_new/data/horses/horse-52.jpg,horses
images_dataset_new/data/horses/horse-114.jpg,horses
images_dataset_new/data/horses/horse-121.jpg,horses
images_dataset_new/data/horses/horse-34.jpg,horses
images_dataset_new/data/horses/horse-88.jpg,horses
images_dataset_new/data/horses/horse-117.jpg,horses
images_dataset_new/data/horses/horse-200.jpg,horses
images_dataset_new/data/horses/horse-177.jpg,horses
images_dataset_new/data/horses/horse-197.jpg,horses
images_dataset_new/data/horses/horse-142.jpg,horses
images_dataset_new/data/horses/horse-32.jpg,horses
images_dataset_new/data/horses/horse-193.jpg,horses
images_dataset_new/data/horses/horse-24.jpg,horses
images_dataset_new/data/horses/horse-9.jpg,horses
images_dataset_new/data/horses/horse-173.jpg,horses
images_dataset_new/data/horses/horse-147.jpg,horses
images_dataset_new/data/horses/horse-181.jpg,horses
images_dataset_new/data/horses/horse-107.jpg,horses
images_dataset_new/data/horses/horse-31.jpg,horses
images_dataset_new/data/horses/horse-55.jpg,horses
images_dataset_new/data/horses/horse-65.jpg,horses
images_dataset_new/data/horses/horse-164.jpg,horses
images_dataset_new/data/horses/horse-68.jpg,horses
images_dataset_new/data/horses/horse-106.jpg,horses
images_dataset_new/data/horses/horse-37.jpg,horses
images_dataset_new/data/horses/horse-83.jpg,horses
images_dataset_new/data/horses/horse-94.jpg,horses
images_dataset_new/data/horses/horse-112.jpg,horses
images_dataset_new/data/horses/horse-12.jpg,horses
images_dataset_new/data/horses/horse-199.jpg,horses
images_dataset_new/data/horses/horse-160.jpg,horses
images_dataset_new/data/horses/horse-161.jpg,horses
images_dataset_new/data/horses/horse-25.jpg,horses
images_dataset_new/data/horses/horse-140.jpg,horses
images_dataset_new/data/horses/horse-87.jpg,horses
images_dataset_new/data/horses/horse-189.jpg,horses
images_dataset_new/data/horses/horse-139.jpg,horses
images_dataset_new/data/horses/horse-19.jpg,horses
images_dataset_new/data/horses/horse-36.jpg,horses
images_dataset_new/data/horses/horse-73.jpg,horses
images_dataset_new/data/horses/horse-18.jpg,horses
images_dataset_new/data/horses/horse-7.jpg,horses
images_dataset_new/data/horses/horse-182.jpg,horses
images_dataset_new/data/horses/horse-62.jpg,horses
images_dataset_new/data/horses/horse-119.jpg,horses
images_dataset_new/data/horses/horse-104.jpg,horses
images_dataset_new/data/horses/horse-47.jpg,horses
images_dataset_new/data/horses/horse-145.jpg,horses
images_dataset_new/data/horses/horse-102.jpg,horses
images_dataset_new/data/horses/horse-125.jpg,horses
images_dataset_new/data/horses/horse-33.jpg,horses
images_dataset_new/data/horses/horse-67.jpg,horses
images_dataset_new/data/horses/horse-43.jpg,horses
images_dataset_new/data/horses/horse-66.jpg,horses
images_dataset_new/data/horses/horse-60.jpg,horses
images_dataset_new/data/horses/horse-5.jpg,horses
images_dataset_new/data/horses/horse-170.jpg,horses
images_dataset_new/data/horses/horse-196.jpg,horses
images_dataset_new/data/horses/horse-183.jpg,horses
images_dataset_new/data/horses/horse-123.jpg,horses
images_dataset_new/data/horses/horse-91.jpg,horses
images_dataset_new/data/horses/horse-92.jpg,horses
images_dataset_new/data/horses/horse-49.jpg,horses
images_dataset_new/data/horses/horse-108.jpg,horses
images_dataset_new/data/horses/horse-130.jpg,horses
images_dataset_new/data/horses/horse-15.jpg,horses
images_dataset_new/data/horses/horse-137.jpg,horses
images_dataset_new/data/horses/horse-39.jpg,horses
images_dataset_new/data/horses/horse-113.jpg,horses
images_dataset_new/data/horses/horse-30.jpg,horses
images_dataset_new/data/horses/horse-131.jpg,horses
images_dataset_new/data/horses/horse-84.jpg,horses
images_dataset_new/data/horses/horse-21.jpg,horses
images_dataset_new/data/horses/horse-71.jpg,horses
images_dataset_new/data/horses/horse-58.jpg,horses
images_dataset_new/data/horses/horse-153.jpg,horses
images_dataset_new/data/horses/horse-162.jpg,horses
images_dataset_new/data/horses/horse-44.jpg,horses
images_dataset_new/data/horses/horse-151.jpg,horses
images_dataset_new/data/horses/horse-27.jpg,horses
images_dataset_new/data/horses/horse-56.jpg,horses
images_dataset_new/data/horses/horse-148.jpg,horses
images_dataset_new/data/horses/horse-57.jpg,horses
images_dataset_new/data/horses/horse-99.jpg,horses
images_dataset_new/data/horses/horse-129.jpg,horses
images_dataset_new/data/horses/horse-51.jpg,horses
images_dataset_new/data/horses/horse-13.jpg,horses
images_dataset_new/data/horses/horse-53.jpg,horses
images_dataset_new/data/horses/horse-198.jpg,horses
images_dataset_new/data/horses/horse-159.jpg,horses
images_dataset_new/data/horses/horse-64.jpg,horses
images_dataset_new/data/horses/horse-63.jpg,horses
images_dataset_new/data/horses/horse-26.jpg,horses
images_dataset_new/data/horses/horse-191.jpg,horses
images_dataset_new/data/horses/horse-157.jpg,horses
images_dataset_new/data/horses/horse-42.jpg,horses
images_dataset_new/data/horses/horse-141.jpg,horses
images_dataset_new/data/horses/horse-195.jpg,horses
images_dataset_new/data/horses/horse-158.jpg,horses
images_dataset_new/data/horses/horse-98.jpg,horses
images_dataset_new/data/horses/horse-105.jpg,horses
images_dataset_new/data/horses/horse-45.jpg,horses
images_dataset_new/data/horses/horse-3.jpg,horses
images_dataset_new/data/horses/horse-1.jpg,horses
images_dataset_new/data/horses/horse-136.jpg,horses
images_dataset_new/data/horses/horse-4.jpg,horses
images_dataset_new/data/horses/horse-152.jpg,horses
images_dataset_new/data/horses/horse-186.jpg,horses
images_dataset_new/data/horses/horse-48.jpg,horses
images_dataset_new/data/horses/horse-192.jpg,horses
images_dataset_new/data/horses/horse-11.jpg,horses
images_dataset_new/data/horses/horse-179.jpg,horses
images_dataset_new/data/horses/horse-178.jpg,horses
images_dataset_new/data/horses/horse-109.jpg,horses
images_dataset_new/data/horses/horse-144.jpg,horses
images_dataset_new/data/horses/horse-176.jpg,horses
images_dataset_new/data/horses/horse-169.jpg,horses
images_dataset_new/data/horses/horse-61.jpg,horses
images_dataset_new/data/horses/horse-76.jpg,horses
images_dataset_new/data/horses/horse-79.jpg,horses
images_dataset_new/data/horses/horse-23.jpg,horses
images_dataset_new/data/horses/horse-6.jpg,horses
images_dataset_new/data/horses/horse-93.jpg,horses
images_dataset_new/data/horses/horse-14.jpg,horses
images_dataset_new/data/horses/horse-171.jpg,horses
images_dataset_new/data/horses/horse-116.jpg,horses
images_dataset_new/data/horses/horse-168.jpg,horses
images_dataset_new/data/horses/horse-163.jpg,horses
images_dataset_new/data/horses/horse-96.jpg,horses
images_dataset_new/data/horses/horse-156.jpg,horses
images_dataset_new/data/horses/horse-86.jpg,horses
images_dataset_new/data/horses/horse-50.jpg,horses
images_dataset_new/data/horses/horse-154.jpg,horses
images_dataset_new/data/horses/horse-126.jpg,horses
images_dataset_new/data/horses/horse-95.jpg,horses
images_dataset_new/data/horses/horse-69.jpg,horses
images_dataset_new/data/horses/horse-111.jpg,horses
images_dataset_new/data/horses/horse-128.jpg,horses
images_dataset_new/data/horses/horse-202.jpg,horses
images_dataset_new/data/horses/horse-138.jpg,horses
images_dataset_new/data/horses/horse-22.jpg,horses
images_dataset_new/data/horses/horse-46.jpg,horses
images_dataset_new/data/horses/horse-194.jpg,horses
images_dataset_new/data/horses/horse-41.jpg,horses
images_dataset_new/data/horses/horse-149.jpg,horses
images_dataset_new/data/horses/horse-134.jpg,horses
images_dataset_new/data/horses/horse-17.jpg,horses
images_dataset_new/data/horses/horse-74.jpg,horses
images_dataset_new/data/horses/horse-20.jpg,horses
images_dataset_new/data/horses/horse-166.jpg,horses
images_dataset_new/data/horses/horse-100.jpg,horses
images_dataset_new/data/horses/horse-135.jpg,horses
images_dataset_new/data/horses/horse-97.jpg,horses
images_dataset_new/data/horses/horse-70.jpg,horses
images_dataset_new/data/horses/horse-187.jpg,horses
images_dataset_new/data/horses/horse-155.jpg,horses
images_dataset_new/data/horses/horse-80.jpg,horses
images_dataset_new/data/horses/horse-110.jpg,horses
images_dataset_new/data/horses/horse-175.jpg,horses
images_dataset_new/data/horses/horse-124.jpg,horses
images_dataset_new/data/horses/horse-90.jpg,horses
images_dataset_new/data/horses/horse-146.jpg,horses
images_dataset_new/data/horses/horse-174.jpg,horses
images_dataset_new/data/horses/horse-72.jpg,horses
images_dataset_new/data/horses/horse-29.jpg,horses
images_dataset_new/data/horses/horse-78.jpg,horses
images_dataset_new/data/horses/horse-8.jpg,horses
images_dataset_new/data/horses/horse-118.jpg,horses
images_dataset_new/data/horses/horse-35.jpg,horses
images_dataset_new/data/horses/horse-143.jpg,horses
images_dataset_new/data/horses/horse-85.jpg,horses
images_dataset_new/data/horses/horse-201.jpg,horses
images_dataset_new/data/horses/horse-150.jpg,horses
images_dataset_new/data/horses/horse-75.jpg,horses
images_dataset_new/data/horses/horse-185.jpg,horses
images_dataset_new/data/horses/horse-103.jpg,horses
images_dataset_new/data/horses/horse-133.jpg,horses
images_dataset_new/data/horses/horse-77.jpg,horses
images_dataset_new/data/horses/horse-184.jpg,horses
images_dataset_new/data/horses/horse-101.jpg,horses
images_dataset_new/data/horses/horse-40.jpg,horses
images_dataset_new/data/horses/horse-165.jpg,horses
images_dataset_new/data/horses/horse-132.jpg,horses
images_dataset_new/data/horses/horse-172.jpg,horses
images_dataset_new/data/horses/horse-10.jpg,horses
images_dataset_new/data/horses/horse-122.jpg,horses
images_dataset_new/data/horses/horse-81.jpg,horses
images_dataset_new/data/horses/horse-115.jpg,horses
images_dataset_new/data/horses/horse-38.jpg,horses
images_dataset_new/data/horses/horse-120.jpg,horses
images_dataset_new/data/horses/horse-89.jpg,horses
images_dataset_new/data/horses/horse-28.jpg,horses
images_dataset_new/data/horses/horse-82.jpg,horses
images_dataset_new/data/horses/horse-167.jpg,horses
images_dataset_new/data/horses/horse-59.jpg,horses
images_dataset_new/data/horses/horse-180.jpg,horses
images_dataset_new/data/horses/horse-2.jpg,horses
images_dataset_new/data/horses/horse-190.jpg,horses
images_dataset_new/data/horses/horse-127.jpg,horses
images_dataset_new/data/dogs/dog.57.jpg,dogs
images_dataset_new/data/dogs/dog.162.jpg,dogs
images_dataset_new/data/dogs/dog.114.jpg,dogs
images_dataset_new/data/dogs/dog.195.jpg,dogs
images_dataset_new/data/dogs/dog.58.jpg,dogs
images_dataset_new/data/dogs/dog.87.jpg,dogs
images_dataset_new/data/dogs/dog.202.jpg,dogs
images_dataset_new/data/dogs/dog.131.jpg,dogs
images_dataset_new/data/dogs/dog.116.jpg,dogs
images_dataset_new/data/dogs/dog.39.jpg,dogs
images_dataset_new/data/dogs/dog.49.jpg,dogs
images_dataset_new/data/dogs/dog.200.jpg,dogs
images_dataset_new/data/dogs/dog.126.jpg,dogs
images_dataset_new/data/dogs/dog.182.jpg,dogs
images_dataset_new/data/dogs/dog.54.jpg,dogs
images_dataset_new/data/dogs/dog.73.jpg,dogs
images_dataset_new/data/dogs/dog.64.jpg,dogs
images_dataset_new/data/dogs/dog.26.jpg,dogs
images_dataset_new/data/dogs/dog.142.jpg,dogs
images_dataset_new/data/dogs/dog.79.jpg,dogs
images_dataset_new/data/dogs/dog.148.jpg,dogs
images_dataset_new/data/dogs/dog.10.jpg,dogs
images_dataset_new/data/dogs/dog.18.jpg,dogs
images_dataset_new/data/dogs/dog.12.jpg,dogs
images_dataset_new/data/dogs/dog.186.jpg,dogs
images_dataset_new/data/dogs/dog.127.jpg,dogs
images_dataset_new/data/dogs/dog.111.jpg,dogs
images_dataset_new/data/dogs/dog.128.jpg,dogs
images_dataset_new/data/dogs/dog.28.jpg,dogs
images_dataset_new/data/dogs/dog.133.jpg,dogs
images_dataset_new/data/dogs/dog.188.jpg,dogs
images_dataset_new/data/dogs/dog.199.jpg,dogs
images_dataset_new/data/dogs/dog.150.jpg,dogs
images_dataset_new/data/dogs/dog.151.jpg,dogs
images_dataset_new/data/dogs/dog.61.jpg,dogs
images_dataset_new/data/dogs/dog.124.jpg,dogs
images_dataset_new/data/dogs/dog.165.jpg,dogs
images_dataset_new/data/dogs/dog.62.jpg,dogs
images_dataset_new/data/dogs/dog.115.jpg,dogs
images_dataset_new/data/dogs/dog.171.jpg,dogs
images_dataset_new/data/dogs/dog.119.jpg,dogs
images_dataset_new/data/dogs/dog.60.jpg,dogs
images_dataset_new/data/dogs/dog.190.jpg,dogs
images_dataset_new/data/dogs/dog.117.jpg,dogs
images_dataset_new/data/dogs/dog.27.jpg,dogs
images_dataset_new/data/dogs/dog.93.jpg,dogs
images_dataset_new/data/dogs/dog.97.jpg,dogs
images_dataset_new/data/dogs/dog.107.jpg,dogs
images_dataset_new/data/dogs/dog.136.jpg,dogs
images_dataset_new/data/dogs/dog.118.jpg,dogs
images_dataset_new/data/dogs/dog.75.jpg,dogs
images_dataset_new/data/dogs/dog.140.jpg,dogs
images_dataset_new/data/dogs/dog.32.jpg,dogs
images_dataset_new/data/dogs/dog.102.jpg,dogs
images_dataset_new/data/dogs/dog.176.jpg,dogs
images_dataset_new/data/dogs/dog.153.jpg,dogs
images_dataset_new/data/dogs/dog.89.jpg,dogs
images_dataset_new/data/dogs/dog.11.jpg,dogs
images_dataset_new/data/dogs/dog.110.jpg,dogs
images_dataset_new/data/dogs/dog.157.jpg,dogs
images_dataset_new/data/dogs/dog.92.jpg,dogs
images_dataset_new/data/dogs/dog.197.jpg,dogs
images_dataset_new/data/dogs/dog.105.jpg,dogs
images_dataset_new/data/dogs/dog.72.jpg,dogs
images_dataset_new/data/dogs/dog.192.jpg,dogs
images_dataset_new/data/dogs/dog.104.jpg,dogs
images_dataset_new/data/dogs/dog.24.jpg,dogs
images_dataset_new/data/dogs/dog.51.jpg,dogs
images_dataset_new/data/dogs/dog.77.jpg,dogs
images_dataset_new/data/dogs/dog.67.jpg,dogs
images_dataset_new/data/dogs/dog.130.jpg,dogs
images_dataset_new/data/dogs/dog.4.jpg,dogs
images_dataset_new/data/dogs/dog.15.jpg,dogs
images_dataset_new/data/dogs/dog.44.jpg,dogs
images_dataset_new/data/dogs/dog.181.jpg,dogs
images_dataset_new/data/dogs/dog.1.jpg,dogs
images_dataset_new/data/dogs/dog.109.jpg,dogs
images_dataset_new/data/dogs/dog.55.jpg,dogs
images_dataset_new/data/dogs/dog.84.jpg,dogs
images_dataset_new/data/dogs/dog.34.jpg,dogs
images_dataset_new/data/dogs/dog.132.jpg,dogs
images_dataset_new/data/dogs/dog.166.jpg,dogs
images_dataset_new/data/dogs/dog.69.jpg,dogs
images_dataset_new/data/dogs/dog.22.jpg,dogs
images_dataset_new/data/dogs/dog.8.jpg,dogs
images_dataset_new/data/dogs/dog.17.jpg,dogs
images_dataset_new/data/dogs/dog.36.jpg,dogs
images_dataset_new/data/dogs/dog.174.jpg,dogs
images_dataset_new/data/dogs/dog.101.jpg,dogs
images_dataset_new/data/dogs/dog.29.jpg,dogs
images_dataset_new/data/dogs/dog.81.jpg,dogs
images_dataset_new/data/dogs/dog.179.jpg,dogs
images_dataset_new/data/dogs/dog.95.jpg,dogs
images_dataset_new/data/dogs/dog.169.jpg,dogs
images_dataset_new/data/dogs/dog.113.jpg,dogs
images_dataset_new/data/dogs/dog.139.jpg,dogs
images_dataset_new/data/dogs/dog.164.jpg,dogs
images_dataset_new/data/dogs/dog.99.jpg,dogs
images_dataset_new/data/dogs/dog.145.jpg,dogs
images_dataset_new/data/dogs/dog.191.jpg,dogs
images_dataset_new/data/dogs/dog.42.jpg,dogs
images_dataset_new/data/dogs/dog.146.jpg,dogs
images_dataset_new/data/dogs/dog.160.jpg,dogs
images_dataset_new/data/dogs/dog.91.jpg,dogs
images_dataset_new/data/dogs/dog.3.jpg,dogs
images_dataset_new/data/dogs/dog.100.jpg,dogs
images_dataset_new/data/dogs/dog.19.jpg,dogs
images_dataset_new/data/dogs/dog.33.jpg,dogs
images_dataset_new/data/dogs/dog.2.jpg,dogs
images_dataset_new/data/dogs/dog.70.jpg,dogs
images_dataset_new/data/dogs/dog.20.jpg,dogs
images_dataset_new/data/dogs/dog.125.jpg,dogs
images_dataset_new/data/dogs/dog.76.jpg,dogs
images_dataset_new/data/dogs/dog.187.jpg,dogs
images_dataset_new/data/dogs/dog.47.jpg,dogs
images_dataset_new/data/dogs/dog.138.jpg,dogs
images_dataset_new/data/dogs/dog.121.jpg,dogs
images_dataset_new/data/dogs/dog.83.jpg,dogs
images_dataset_new/data/dogs/dog.106.jpg,dogs
images_dataset_new/data/dogs/dog.68.jpg,dogs
images_dataset_new/data/dogs/dog.37.jpg,dogs
images_dataset_new/data/dogs/dog.135.jpg,dogs
images_dataset_new/data/dogs/dog.31.jpg,dogs
images_dataset_new/data/dogs/dog.103.jpg,dogs
images_dataset_new/data/dogs/dog.50.jpg,dogs
images_dataset_new/data/dogs/dog.13.jpg,dogs
images_dataset_new/data/dogs/dog.172.jpg,dogs
images_dataset_new/data/dogs/dog.177.jpg,dogs
images_dataset_new/data/dogs/dog.108.jpg,dogs
images_dataset_new/data/dogs/dog.53.jpg,dogs
images_dataset_new/data/dogs/dog.156.jpg,dogs
images_dataset_new/data/dogs/dog.66.jpg,dogs
images_dataset_new/data/dogs/dog.122.jpg,dogs
images_dataset_new/data/dogs/dog.82.jpg,dogs
images_dataset_new/data/dogs/dog.201.jpg,dogs
images_dataset_new/data/dogs/dog.85.jpg,dogs
images_dataset_new/data/dogs/dog.120.jpg,dogs
images_dataset_new/data/dogs/dog.59.jpg,dogs
images_dataset_new/data/dogs/dog.185.jpg,dogs
images_dataset_new/data/dogs/dog.56.jpg,dogs
images_dataset_new/data/dogs/dog.30.jpg,dogs
images_dataset_new/data/dogs/dog.52.jpg,dogs
images_dataset_new/data/dogs/dog.173.jpg,dogs
images_dataset_new/data/dogs/dog.189.jpg,dogs
images_dataset_new/data/dogs/dog.43.jpg,dogs
images_dataset_new/data/dogs/dog.163.jpg,dogs
images_dataset_new/data/dogs/dog.149.jpg,dogs
images_dataset_new/data/dogs/dog.86.jpg,dogs
images_dataset_new/data/dogs/dog.7.jpg,dogs
images_dataset_new/data/dogs/dog.38.jpg,dogs
images_dataset_new/data/dogs/dog.41.jpg,dogs
images_dataset_new/data/dogs/dog.94.jpg,dogs
images_dataset_new/data/dogs/dog.71.jpg,dogs
images_dataset_new/data/dogs/dog.21.jpg,dogs
images_dataset_new/data/dogs/dog.40.jpg,dogs
images_dataset_new/data/dogs/dog.194.jpg,dogs
images_dataset_new/data/dogs/dog.80.jpg,dogs
images_dataset_new/data/dogs/dog.134.jpg,dogs
images_dataset_new/data/dogs/dog.74.jpg,dogs
images_dataset_new/data/dogs/dog.88.jpg,dogs
images_dataset_new/data/dogs/dog.143.jpg,dogs
images_dataset_new/data/dogs/dog.144.jpg,dogs
images_dataset_new/data/dogs/dog.5.jpg,dogs
images_dataset_new/data/dogs/dog.152.jpg,dogs
images_dataset_new/data/dogs/dog.196.jpg,dogs
images_dataset_new/data/dogs/dog.137.jpg,dogs
images_dataset_new/data/dogs/dog.46.jpg,dogs
images_dataset_new/data/dogs/dog.161.jpg,dogs
images_dataset_new/data/dogs/dog.9.jpg,dogs
images_dataset_new/data/dogs/dog.14.jpg,dogs
images_dataset_new/data/dogs/dog.48.jpg,dogs
images_dataset_new/data/dogs/dog.35.jpg,dogs
images_dataset_new/data/dogs/dog.198.jpg,dogs
images_dataset_new/data/dogs/dog.184.jpg,dogs
images_dataset_new/data/dogs/dog.180.jpg,dogs
images_dataset_new/data/dogs/dog.65.jpg,dogs
images_dataset_new/data/dogs/dog.16.jpg,dogs
images_dataset_new/data/dogs/dog.158.jpg,dogs
images_dataset_new/data/dogs/dog.193.jpg,dogs
images_dataset_new/data/dogs/dog.178.jpg,dogs
images_dataset_new/data/dogs/dog.63.jpg,dogs
images_dataset_new/data/dogs/dog.141.jpg,dogs
images_dataset_new/data/dogs/dog.25.jpg,dogs
images_dataset_new/data/dogs/dog.98.jpg,dogs
images_dataset_new/data/dogs/dog.123.jpg,dogs
images_dataset_new/data/dogs/dog.112.jpg,dogs
images_dataset_new/data/dogs/dog.167.jpg,dogs
images_dataset_new/data/dogs/dog.96.jpg,dogs
images_dataset_new/data/dogs/dog.155.jpg,dogs
images_dataset_new/data/dogs/dog.129.jpg,dogs
images_dataset_new/data/dogs/dog.159.jpg,dogs
images_dataset_new/data/dogs/dog.78.jpg,dogs
images_dataset_new/data/dogs/dog.147.jpg,dogs
images_dataset_new/data/dogs/dog.175.jpg,dogs
images_dataset_new/data/dogs/dog.45.jpg,dogs
images_dataset_new/data/dogs/dog.183.jpg,dogs
images_dataset_new/data/dogs/dog.170.jpg,dogs
images_dataset_new/data/dogs/dog.90.jpg,dogs
images_dataset_new/data/dogs/dog.154.jpg,dogs
images_dataset_new/data/dogs/dog.168.jpg,dogs
images_dataset_new/data/dogs/dog.23.jpg,dogs
images_dataset_new/data/dogs/dog.6.jpg,dogs
